wall_time,sim_time,drone_id,state,x,y,z,battery_pct
0.103,0.103,0,UNKNOWN,0.0,0.0,0.0,100.0
0.103,0.103,1,UNKNOWN,0.0,0.0,0.0,100.0
0.204,0.204,0,UNKNOWN,0.0,0.0,0.0,100.0
0.204,0.204,1,UNKNOWN,0.0,0.0,0.0,100.0
0.303,0.303,0,UNKNOWN,0.0,0.0,0.0,100.0
0.303,0.303,1,UNKNOWN,0.0,0.0,0.0,100.0
0.403,0.403,0,UNKNOWN,0.0,0.0,0.0,100.0
0.403,0.403,1,UNKNOWN,0.0,0.0,0.0,100.0
0.503,0.503,0,UNKNOWN,0.0,0.0,0.0,100.0
0.503,0.503,1,UNKNOWN,0.0,0.0,0.0,100.0
0.603,0.603,0,UNKNOWN,0.0,0.0,0.0,100.0
0.603,0.603,1,UNKNOWN,0.0,0.0,0.0,100.0
0.703,0.703,0,UNKNOWN,0.0,0.0,0.0,100.0
0.703,0.703,1,UNKNOWN,0.0,0.0,0.0,100.0
0.803,0.803,0,UNKNOWN,0.0,0.0,0.0,100.0
0.803,0.803,1,UNKNOWN,0.0,0.0,0.0,100.0
0.904,0.904,0,UNKNOWN,0.0,0.0,0.0,100.0
0.904,0.904,1,UNKNOWN,0.0,0.0,0.0,100.0
1.003,1.003,0,UNKNOWN,0.0,0.0,0.0,100.0
1.003,1.003,1,UNKNOWN,0.0,0.0,0.0,100.0
1.103,1.103,0,UNKNOWN,0.0,0.0,0.0,100.0
1.103,1.103,1,UNKNOWN,0.0,0.0,0.0,100.0
1.204,1.204,0,UNKNOWN,0.0,0.0,0.0,100.0
1.204,1.204,1,UNKNOWN,0.0,0.0,0.0,100.0
1.303,1.303,0,UNKNOWN,0.0,0.0,0.0,100.0
1.303,1.303,1,UNKNOWN,0.0,0.0,0.0,100.0
1.404,1.404,0,UNKNOWN,0.0,0.0,0.0,100.0
1.404,1.404,1,UNKNOWN,0.0,0.0,0.0,100.0
1.503,1.503,0,UNKNOWN,0.0,0.0,0.0,100.0
1.503,1.503,1,UNKNOWN,0.0,0.0,0.0,100.0
1.603,1.603,0,UNKNOWN,0.0,0.0,0.0,100.0
1.603,1.603,1,UNKNOWN,0.0,0.0,0.0,100.0
1.703,1.703,0,UNKNOWN,0.0,0.0,0.0,100.0
1.703,1.703,1,UNKNOWN,0.0,0.0,0.0,100.0
1.803,1.803,0,UNKNOWN,0.0,0.0,0.0,100.0
1.803,1.803,1,UNKNOWN,0.0,0.0,0.0,100.0
1.903,1.903,0,UNKNOWN,0.0,0.0,0.0,100.0
1.903,1.903,1,UNKNOWN,0.0,0.0,0.0,100.0
2.003,2.003,0,UNKNOWN,0.0,0.0,0.0,100.0
2.003,2.003,1,UNKNOWN,0.0,0.0,0.0,100.0
2.103,2.103,0,UNKNOWN,0.0,0.0,0.0,100.0
2.103,2.103,1,UNKNOWN,0.0,0.0,0.0,100.0
2.203,2.203,0,UNKNOWN,0.0,0.0,0.0,100.0
2.203,2.203,1,UNKNOWN,0.0,0.0,0.0,100.0
2.303,2.303,0,UNKNOWN,0.0,0.0,0.0,100.0
2.303,2.303,1,UNKNOWN,0.0,0.0,0.0,100.0
2.403,2.403,0,UNKNOWN,0.0,0.0,0.0,100.0
2.403,2.403,1,UNKNOWN,0.0,0.0,0.0,100.0
2.503,2.503,0,UNKNOWN,0.0,0.0,0.0,100.0
2.503,2.503,1,UNKNOWN,0.0,0.0,0.0,100.0
2.603,2.603,0,UNKNOWN,0.0,0.0,0.0,100.0
2.603,2.603,1,UNKNOWN,0.0,0.0,0.0,100.0
2.703,2.703,0,UNKNOWN,0.5,0.5,0.05,100.0
2.703,2.703,1,UNKNOWN,0.0,0.0,0.0,100.0
2.803,2.803,0,UNKNOWN,0.5,0.5,0.05,100.0
2.803,2.803,1,UNKNOWN,0.0,0.0,0.0,100.0
2.904,2.904,0,UNKNOWN,0.5,0.5,0.05,100.0
2.904,2.904,1,UNKNOWN,0.0,0.0,0.0,100.0
3.003,3.003,0,UNKNOWN,0.5,0.5,0.05,100.0
3.003,3.003,1,UNKNOWN,0.0,0.0,0.0,100.0
3.103,3.103,0,IDLE,0.5,0.5,0.05,100.0
3.103,3.103,1,UNKNOWN,0.0,0.0,0.0,100.0
3.203,3.203,0,IDLE,0.5,0.5,0.05,100.0
3.203,3.203,1,UNKNOWN,0.0,0.0,0.0,100.0
3.303,3.303,0,IDLE,0.5,0.5,0.05,100.0
3.303,3.303,1,UNKNOWN,0.0,0.0,0.0,100.0
3.403,3.403,0,IDLE,0.5,0.5,0.05,100.0
3.403,3.403,1,UNKNOWN,0.0,0.0,0.0,100.0
3.503,3.503,0,IDLE,0.5,0.5,0.05,100.0
3.503,3.503,1,UNKNOWN,0.0,0.0,0.0,100.0
3.603,3.603,0,IDLE,0.5,0.5,0.05,100.0
3.603,3.603,1,UNKNOWN,0.0,0.0,0.0,100.0
3.703,3.703,0,IDLE,0.5,0.5,0.05,100.0
3.703,3.703,1,UNKNOWN,0.0,0.0,0.0,100.0
3.803,3.803,0,IDLE,0.5,0.5,0.05,100.0
3.803,3.803,1,UNKNOWN,0.0,0.0,0.0,100.0
3.903,3.903,0,IDLE,0.5,0.5,0.05,100.0
3.903,3.903,1,UNKNOWN,0.0,0.0,0.0,100.0
4.003,4.003,0,IDLE,0.5,0.5,0.05,100.0
4.003,4.003,1,UNKNOWN,0.0,0.0,0.0,100.0
4.103,4.103,0,IDLE,0.5,0.5,0.05,100.0
4.103,4.103,1,UNKNOWN,0.0,0.0,0.0,100.0
4.203,4.203,0,IDLE,0.5,0.5,0.05,100.0
4.203,4.203,1,UNKNOWN,0.0,0.0,0.0,100.0
4.304,4.304,0,IDLE,0.5,0.5,0.05,100.0
4.304,4.304,1,UNKNOWN,0.0,0.0,0.0,100.0
4.403,4.403,0,IDLE,0.5,0.5,0.05,100.0
4.403,4.403,1,IDLE,1.5,0.5,0.05,100.0
4.504,4.504,0,IDLE,0.5,0.5,0.05,100.0
4.504,4.504,1,IDLE,1.5,0.5,0.05,100.0
4.604,4.604,0,IDLE,0.5,0.5,0.05,100.0
4.604,4.604,1,IDLE,1.5,0.5,0.05,100.0
4.703,4.703,0,IDLE,0.5,0.5,0.05,100.0
4.703,4.703,1,IDLE,1.5,0.5,0.05,100.0
4.804,4.804,0,IDLE,0.5,0.5,0.05,100.0
4.804,4.804,1,IDLE,1.5,0.5,0.05,100.0
4.903,4.903,0,IDLE,0.5,0.5,0.05,100.0
4.903,4.903,1,IDLE,1.5,0.5,0.05,100.0
5.003,5.003,0,IDLE,0.5,0.5,0.05,100.0
5.003,5.003,1,IDLE,1.5,0.5,0.05,100.0
5.103,5.103,0,IDLE,0.5,0.5,0.05,100.0
5.103,5.103,1,IDLE,1.5,0.5,0.05,100.0
5.204,5.204,0,IDLE,0.5,0.5,0.05,100.0
5.204,5.204,1,IDLE,1.5,0.5,0.05,100.0
5.303,5.304,0,IDLE,0.5,0.5,0.05,100.0
5.303,5.304,1,IDLE,1.5,0.5,0.05,100.0
5.404,5.404,0,IDLE,0.5,0.5,0.05,100.0
5.404,5.404,1,IDLE,1.5,0.5,0.05,100.0
5.504,5.504,0,IDLE,0.5,0.5,0.05,100.0
5.504,5.504,1,IDLE,1.5,0.5,0.05,100.0
5.603,5.603,0,IDLE,0.5,0.5,0.05,100.0
5.603,5.603,1,IDLE,1.5,0.5,0.05,100.0
5.703,5.703,0,IDLE,0.5,0.5,0.05,100.0
5.703,5.703,1,IDLE,1.5,0.5,0.05,100.0
5.803,5.803,0,IDLE,0.5,0.5,0.05,100.0
5.803,5.803,1,IDLE,1.5,0.5,0.05,100.0
5.904,5.904,0,IDLE,0.5,0.5,0.05,100.0
5.904,5.904,1,IDLE,1.5,0.5,0.05,100.0
6.003,6.003,0,IDLE,0.5,0.5,0.05,100.0
6.003,6.003,1,IDLE,1.5,0.5,0.05,100.0
6.103,6.103,0,IDLE,0.5,0.5,0.05,100.0
6.103,6.103,1,IDLE,1.5,0.5,0.05,100.0
6.203,6.203,0,IDLE,0.5,0.5,0.05,100.0
6.203,6.203,1,IDLE,1.5,0.5,0.05,100.0
6.303,6.303,0,IDLE,0.5,0.5,0.05,100.0
6.303,6.303,1,IDLE,1.5,0.5,0.05,100.0
6.403,6.403,0,IDLE,0.5,0.5,0.05,100.0
6.403,6.403,1,IDLE,1.5,0.5,0.05,100.0
6.503,6.503,0,IDLE,0.5,0.5,0.05,100.0
6.503,6.503,1,IDLE,1.5,0.5,0.05,100.0
6.603,6.603,0,IDLE,0.5,0.5,0.05,100.0
6.603,6.603,1,IDLE,1.5,0.5,0.05,100.0
6.703,6.703,0,IDLE,0.5,0.5,0.05,100.0
6.703,6.703,1,IDLE,1.5,0.5,0.05,100.0
6.803,6.803,0,IDLE,0.5,0.5,0.05,100.0
6.803,6.803,1,IDLE,1.5,0.5,0.05,100.0
6.903,6.903,0,IDLE,0.5,0.5,0.05,100.0
6.903,6.903,1,IDLE,1.5,0.5,0.05,100.0
7.004,7.004,0,IDLE,0.5,0.5,0.05,100.0
7.004,7.004,1,IDLE,1.5,0.5,0.05,100.0
7.103,7.103,0,IDLE,0.5,0.5,0.05,100.0
7.103,7.103,1,IDLE,1.5,0.5,0.05,100.0
7.204,7.204,0,IDLE,0.5,0.5,0.05,100.0
7.204,7.204,1,IDLE,1.5,0.5,0.05,100.0
7.304,7.304,0,IDLE,0.5,0.5,0.05,100.0
7.304,7.304,1,IDLE,1.5,0.5,0.05,100.0
7.403,7.403,0,IDLE,0.5,0.5,0.05,100.0
7.403,7.403,1,IDLE,1.5,0.5,0.05,100.0
7.503,7.503,0,IDLE,0.5,0.5,0.05,100.0
7.503,7.503,1,IDLE,1.5,0.5,0.05,100.0
7.603,7.603,0,IDLE,0.5,0.5,0.05,100.0
7.603,7.603,1,IDLE,1.5,0.5,0.05,100.0
7.704,7.704,0,IDLE,0.5,0.5,0.05,100.0
7.704,7.704,1,IDLE,1.5,0.5,0.05,100.0
7.803,7.803,0,IDLE,0.5,0.5,0.05,100.0
7.803,7.803,1,IDLE,1.5,0.5,0.05,100.0
7.904,7.904,0,IDLE,0.5,0.5,0.05,100.0
7.904,7.904,1,IDLE,1.5,0.5,0.05,100.0
8.004,8.004,0,IDLE,0.5,0.5,0.05,100.0
8.004,8.004,1,IDLE,1.5,0.5,0.05,100.0
8.103,8.103,0,IDLE,0.5,0.5,0.05,100.0
8.103,8.103,1,IDLE,1.5,0.5,0.05,100.0
8.203,8.203,0,IDLE,0.5,0.5,0.05,100.0
8.203,8.203,1,IDLE,1.5,0.5,0.05,100.0
8.303,8.303,0,IDLE,0.5,0.5,0.05,100.0
8.303,8.303,1,IDLE,1.5,0.5,0.05,100.0
8.403,8.403,0,IDLE,0.5,0.5,0.05,100.0
8.403,8.403,1,IDLE,1.5,0.5,0.05,100.0
8.503,8.503,0,IDLE,0.5,0.5,0.05,100.0
8.503,8.503,1,IDLE,1.5,0.5,0.05,100.0
8.604,8.604,0,IDLE,0.5,0.5,0.05,100.0
8.604,8.604,1,IDLE,1.5,0.5,0.05,100.0
8.704,8.704,0,IDLE,0.5,0.5,0.05,100.0
8.704,8.704,1,IDLE,1.5,0.5,0.05,100.0
8.803,8.803,0,IDLE,0.5,0.5,0.05,100.0
8.803,8.803,1,IDLE,1.5,0.5,0.05,100.0
8.904,8.904,0,IDLE,0.5,0.5,0.05,100.0
8.904,8.904,1,IDLE,1.5,0.5,0.05,100.0
9.003,9.003,0,IDLE,0.5,0.5,0.05,100.0
9.003,9.003,1,IDLE,1.5,0.5,0.05,100.0
9.103,9.103,0,IDLE,0.5,0.5,0.05,100.0
9.103,9.103,1,IDLE,1.5,0.5,0.05,100.0
9.203,9.203,0,IDLE,0.5,0.5,0.05,100.0
9.203,9.203,1,IDLE,1.5,0.5,0.05,100.0
9.304,9.304,0,IDLE,0.5,0.5,0.05,100.0
9.304,9.304,1,IDLE,1.5,0.5,0.05,100.0
9.403,9.403,0,IDLE,0.5,0.5,0.05,100.0
9.403,9.403,1,IDLE,1.5,0.5,0.05,100.0
9.504,9.504,0,IDLE,0.5,0.5,0.05,100.0
9.504,9.504,1,IDLE,1.5,0.5,0.05,100.0
9.604,9.604,0,IDLE,0.5,0.5,0.05,100.0
9.604,9.604,1,IDLE,1.5,0.5,0.05,100.0
9.704,9.704,0,IDLE,0.5,0.5,0.05,100.0
9.704,9.704,1,IDLE,1.5,0.5,0.05,100.0
9.803,9.803,0,IDLE,0.5,0.5,0.05,100.0
9.803,9.803,1,IDLE,1.5,0.5,0.05,100.0
9.903,9.903,0,IDLE,0.5,0.5,0.05,100.0
9.903,9.903,1,IDLE,1.5,0.5,0.05,100.0
10.003,10.003,0,IDLE,0.5,0.5,0.05,100.0
10.003,10.003,1,IDLE,1.5,0.5,0.05,100.0
10.103,10.103,0,IDLE,0.5,0.5,0.05,100.0
10.103,10.103,1,IDLE,1.5,0.5,0.05,100.0
10.203,10.203,0,IDLE,0.5,0.5,0.05,100.0
10.203,10.203,1,IDLE,1.5,0.5,0.05,100.0
10.303,10.303,0,IDLE,0.5,0.5,0.05,100.0
10.303,10.303,1,IDLE,1.5,0.5,0.05,100.0
10.403,10.403,0,IDLE,0.5,0.5,0.05,100.0
10.403,10.403,1,IDLE,1.5,0.5,0.05,100.0
10.503,10.503,0,IDLE,0.5,0.5,0.05,100.0
10.503,10.503,1,IDLE,1.5,0.5,0.05,100.0
10.603,10.603,0,IDLE,0.5,0.5,0.05,100.0
10.603,10.603,1,IDLE,1.5,0.5,0.05,100.0
10.703,10.703,0,IDLE,0.5,0.5,0.05,100.0
10.703,10.703,1,IDLE,1.5,0.5,0.05,100.0
10.803,10.803,0,IDLE,0.5,0.5,0.05,100.0
10.803,10.803,1,IDLE,1.5,0.5,0.05,100.0
10.903,10.903,0,IDLE,0.5,0.5,0.05,100.0
10.903,10.903,1,IDLE,1.5,0.5,0.05,100.0
11.003,11.003,0,IDLE,0.5,0.5,0.05,100.0
11.003,11.003,1,IDLE,1.5,0.5,0.05,100.0
11.103,11.103,0,IDLE,0.5,0.5,0.05,100.0
11.103,11.103,1,IDLE,1.5,0.5,0.05,100.0
11.203,11.203,0,IDLE,0.5,0.5,0.05,100.0
11.203,11.203,1,IDLE,1.5,0.5,0.05,100.0
11.304,11.304,0,IDLE,0.5,0.5,0.05,100.0
11.304,11.304,1,IDLE,1.5,0.5,0.05,100.0
11.403,11.403,0,IDLE,0.5,0.5,0.05,100.0
11.403,11.403,1,IDLE,1.5,0.5,0.05,100.0
11.503,11.503,0,IDLE,0.5,0.5,0.05,100.0
11.503,11.503,1,IDLE,1.5,0.5,0.05,100.0
11.603,11.603,0,IDLE,0.5,0.5,0.05,100.0
11.603,11.603,1,IDLE,1.5,0.5,0.05,100.0
11.703,11.703,0,IDLE,0.5,0.5,0.05,100.0
11.703,11.703,1,IDLE,1.5,0.5,0.05,100.0
11.803,11.803,0,IDLE,0.5,0.5,0.05,100.0
11.803,11.803,1,IDLE,1.5,0.5,0.05,100.0
11.903,11.903,0,IDLE,0.5,0.5,0.05,100.0
11.903,11.903,1,IDLE,1.5,0.5,0.05,100.0
12.003,12.003,0,IDLE,0.5,0.5,0.05,100.0
12.003,12.003,1,IDLE,1.5,0.5,0.05,100.0
12.104,12.104,0,IDLE,0.5,0.5,0.05,100.0
12.104,12.104,1,IDLE,1.5,0.5,0.05,100.0
12.203,12.203,0,IDLE,0.5,0.5,0.05,100.0
12.203,12.203,1,IDLE,1.5,0.5,0.05,100.0
12.304,12.304,0,IDLE,0.5,0.5,0.05,100.0
12.304,12.304,1,IDLE,1.5,0.5,0.05,100.0
12.403,12.403,0,IDLE,0.5,0.5,0.05,100.0
12.403,12.403,1,IDLE,1.5,0.5,0.05,100.0
12.503,12.503,0,IDLE,0.5,0.5,0.05,100.0
12.503,12.503,1,IDLE,1.5,0.5,0.05,100.0
12.604,12.604,0,IDLE,0.5,0.5,0.05,100.0
12.604,12.604,1,IDLE,1.5,0.5,0.05,100.0
12.704,12.704,0,IDLE,0.5,0.5,0.05,100.0
12.704,12.704,1,IDLE,1.5,0.5,0.05,100.0
12.803,12.803,0,IDLE,0.5,0.5,0.05,100.0
12.803,12.803,1,IDLE,1.5,0.5,0.05,100.0
12.903,12.903,0,IDLE,0.5,0.5,0.05,100.0
12.903,12.903,1,IDLE,1.5,0.5,0.05,100.0
13.003,13.003,0,IDLE,0.5,0.5,0.05,100.0
13.003,13.003,1,IDLE,1.5,0.5,0.05,100.0
13.103,13.103,0,IDLE,0.5,0.5,0.05,100.0
13.103,13.103,1,IDLE,1.5,0.5,0.05,100.0
13.203,13.203,0,IDLE,0.5,0.5,0.05,100.0
13.203,13.203,1,IDLE,1.5,0.5,0.05,100.0
13.303,13.303,0,IDLE,0.5,0.5,0.05,100.0
13.303,13.303,1,IDLE,1.5,0.5,0.05,100.0
13.403,13.403,0,IDLE,0.5,0.5,0.05,100.0
13.403,13.403,1,IDLE,1.5,0.5,0.05,100.0
13.503,13.503,0,IDLE,0.5,0.5,0.05,100.0
13.503,13.503,1,IDLE,1.5,0.5,0.05,100.0
13.603,13.603,0,IDLE,0.5,0.5,0.05,100.0
13.603,13.603,1,IDLE,1.5,0.5,0.05,100.0
13.703,13.703,0,IDLE,0.5,0.5,0.05,100.0
13.703,13.703,1,IDLE,1.5,0.5,0.05,100.0
13.803,13.803,0,IDLE,0.5,0.5,0.05,100.0
13.803,13.803,1,IDLE,1.5,0.5,0.05,100.0
13.903,13.903,0,IDLE,0.5,0.5,0.05,100.0
13.903,13.903,1,IDLE,1.5,0.5,0.05,100.0
14.003,14.003,0,IDLE,0.5,0.5,0.05,100.0
14.003,14.003,1,IDLE,1.5,0.5,0.05,100.0
14.103,14.103,0,IDLE,0.5,0.5,0.05,100.0
14.103,14.103,1,IDLE,1.5,0.5,0.05,100.0
14.203,14.203,0,IDLE,0.5,0.5,0.05,100.0
14.203,14.203,1,IDLE,1.5,0.5,0.05,100.0
14.303,14.303,0,IDLE,0.5,0.5,0.05,100.0
14.303,14.303,1,IDLE,1.5,0.5,0.05,100.0
14.403,14.403,0,IDLE,0.5,0.5,0.05,100.0
14.403,14.403,1,IDLE,1.5,0.5,0.05,100.0
14.504,14.504,0,IDLE,0.5,0.5,0.05,100.0
14.504,14.504,1,IDLE,1.5,0.5,0.05,100.0
14.604,14.604,0,IDLE,0.5,0.5,0.05,100.0
14.604,14.604,1,IDLE,1.5,0.5,0.05,100.0
14.703,14.703,0,IDLE,0.5,0.5,0.05,100.0
14.703,14.703,1,IDLE,1.5,0.5,0.05,100.0
14.803,14.803,0,IDLE,0.5,0.5,0.05,100.0
14.803,14.803,1,IDLE,1.5,0.5,0.05,100.0
14.903,14.903,0,IDLE,0.5,0.5,0.05,100.0
14.903,14.903,1,IDLE,1.5,0.5,0.05,100.0
15.003,15.003,0,IDLE,0.5,0.5,0.05,100.0
15.003,15.003,1,IDLE,1.5,0.5,0.05,100.0
15.104,15.104,0,IDLE,0.5,0.5,0.05,100.0
15.104,15.104,1,IDLE,1.5,0.5,0.05,100.0
15.204,15.204,0,IDLE,0.5,0.5,0.05,100.0
15.204,15.204,1,IDLE,1.5,0.5,0.05,100.0
15.303,15.303,0,IDLE,0.5,0.5,0.05,100.0
15.303,15.303,1,IDLE,1.5,0.5,0.05,100.0
15.403,15.403,0,IDLE,0.5,0.5,0.05,100.0
15.403,15.403,1,IDLE,1.5,0.5,0.05,100.0
15.504,15.504,0,IDLE,0.5,0.5,0.05,100.0
15.504,15.504,1,IDLE,1.5,0.5,0.05,100.0
15.603,15.603,0,IDLE,0.5,0.5,0.05,100.0
15.603,15.603,1,IDLE,1.5,0.5,0.05,100.0
15.703,15.703,0,IDLE,0.5,0.5,0.05,100.0
15.703,15.703,1,IDLE,1.5,0.5,0.05,100.0
15.803,15.803,0,IDLE,0.5,0.5,0.05,100.0
15.803,15.803,1,IDLE,1.5,0.5,0.05,100.0
15.903,15.903,0,IDLE,0.5,0.5,0.05,100.0
15.903,15.903,1,IDLE,1.5,0.5,0.05,100.0
16.004,16.004,0,IDLE,0.5,0.5,0.05,100.0
16.004,16.004,1,IDLE,1.5,0.5,0.05,100.0
16.103,16.103,0,IDLE,0.5,0.5,0.05,100.0
16.103,16.103,1,IDLE,1.5,0.5,0.05,100.0
16.203,16.203,0,IDLE,0.5,0.5,0.05,100.0
16.203,16.203,1,IDLE,1.5,0.5,0.05,100.0
16.303,16.303,0,IDLE,0.5,0.5,0.05,100.0
16.303,16.303,1,IDLE,1.5,0.5,0.05,100.0
16.403,16.403,0,IDLE,0.5,0.5,0.05,100.0
16.403,16.403,1,IDLE,1.5,0.5,0.05,100.0
16.503,16.503,0,IDLE,0.5,0.5,0.05,100.0
16.503,16.503,1,IDLE,1.5,0.5,0.05,100.0
16.603,16.603,0,IDLE,0.5,0.5,0.05,100.0
16.603,16.603,1,IDLE,1.5,0.5,0.05,100.0
16.704,16.704,0,IDLE,0.5,0.5,0.05,100.0
16.704,16.704,1,IDLE,1.5,0.5,0.05,100.0
16.804,16.804,0,IDLE,0.5,0.5,0.05,100.0
16.804,16.804,1,IDLE,1.5,0.5,0.05,100.0
16.903,16.903,0,IDLE,0.5,0.5,0.05,100.0
16.903,16.903,1,IDLE,1.5,0.5,0.05,100.0
17.003,17.003,0,IDLE,0.5,0.5,0.05,100.0
17.003,17.003,1,IDLE,1.5,0.5,0.05,100.0
17.103,17.103,0,IDLE,0.5,0.5,0.05,100.0
17.103,17.103,1,IDLE,1.5,0.5,0.05,100.0
17.204,17.204,0,IDLE,0.5,0.5,0.05,100.0
17.204,17.204,1,IDLE,1.5,0.5,0.05,100.0
17.303,17.303,0,IDLE,0.5,0.5,0.05,100.0
17.303,17.303,1,IDLE,1.5,0.5,0.05,100.0
17.403,17.403,0,IDLE,0.5,0.5,0.05,100.0
17.403,17.403,1,IDLE,1.5,0.5,0.05,100.0
17.504,17.504,0,IDLE,0.5,0.5,0.05,100.0
17.504,17.504,1,IDLE,1.5,0.5,0.05,100.0
17.604,17.604,0,IDLE,0.5,0.5,0.05,100.0
17.604,17.604,1,IDLE,1.5,0.5,0.05,100.0
17.704,17.704,0,IDLE,0.5,0.5,0.05,100.0
17.704,17.704,1,IDLE,1.5,0.5,0.05,100.0
17.803,17.803,0,IDLE,0.5,0.5,0.05,100.0
17.803,17.803,1,IDLE,1.5,0.5,0.05,100.0
17.903,17.903,0,IDLE,0.5,0.5,0.05,100.0
17.903,17.903,1,IDLE,1.5,0.5,0.05,100.0
18.004,18.004,0,IDLE,0.5,0.5,0.05,100.0
18.004,18.004,1,IDLE,1.5,0.5,0.05,100.0
18.103,18.103,0,IDLE,0.5,0.5,0.05,100.0
18.103,18.103,1,IDLE,1.5,0.5,0.05,100.0
18.204,18.204,0,IDLE,0.5,0.5,0.05,100.0
18.204,18.204,1,IDLE,1.5,0.5,0.05,100.0
18.303,18.303,0,IDLE,0.5,0.5,0.05,100.0
18.303,18.303,1,IDLE,1.5,0.5,0.05,100.0
18.404,18.404,0,IDLE,0.5,0.5,0.05,100.0
18.404,18.404,1,IDLE,1.5,0.5,0.05,100.0
18.503,18.503,0,IDLE,0.5,0.5,0.05,100.0
18.503,18.503,1,IDLE,1.5,0.5,0.05,100.0
18.603,18.603,0,IDLE,0.5,0.5,0.05,100.0
18.603,18.603,1,IDLE,1.5,0.5,0.05,100.0
18.703,18.703,0,IDLE,0.5,0.5,0.05,100.0
18.703,18.703,1,IDLE,1.5,0.5,0.05,100.0
18.803,18.803,0,IDLE,0.5,0.5,0.05,100.0
18.803,18.803,1,IDLE,1.5,0.5,0.05,100.0
18.903,18.903,0,IDLE,0.5,0.5,0.05,100.0
18.903,18.903,1,IDLE,1.5,0.5,0.05,100.0
19.003,19.003,0,IDLE,0.5,0.5,0.05,100.0
19.003,19.003,1,IDLE,1.5,0.5,0.05,100.0
19.103,19.103,0,IDLE,0.5,0.5,0.05,100.0
19.103,19.103,1,IDLE,1.5,0.5,0.05,100.0
19.203,19.203,0,IDLE,0.5,0.5,0.05,100.0
19.203,19.203,1,IDLE,1.5,0.5,0.05,100.0
19.303,19.303,0,IDLE,0.5,0.5,0.05,100.0
19.303,19.303,1,IDLE,1.5,0.5,0.05,100.0
19.404,19.404,0,IDLE,0.5,0.5,0.05,100.0
19.404,19.404,1,IDLE,1.5,0.5,0.05,100.0
19.504,19.504,0,IDLE,0.5,0.5,0.05,100.0
19.504,19.504,1,IDLE,1.5,0.5,0.05,100.0
19.604,19.604,0,IDLE,0.5,0.5,0.05,100.0
19.604,19.604,1,IDLE,1.5,0.5,0.05,100.0
19.703,19.703,0,IDLE,0.5,0.5,0.05,100.0
19.703,19.703,1,IDLE,1.5,0.5,0.05,100.0
19.804,19.804,0,IDLE,0.5,0.5,0.05,100.0
19.804,19.804,1,IDLE,1.5,0.5,0.05,100.0
19.904,19.904,0,IDLE,0.5,0.5,0.05,100.0
19.904,19.904,1,IDLE,1.5,0.5,0.05,100.0
20.003,20.003,0,IDLE,0.5,0.5,0.05,100.0
20.003,20.003,1,IDLE,1.5,0.5,0.05,100.0
20.103,20.103,0,IDLE,0.5,0.5,0.05,100.0
20.103,20.103,1,IDLE,1.5,0.5,0.05,100.0
20.203,20.203,0,IDLE,0.5,0.5,0.05,100.0
20.203,20.203,1,IDLE,1.5,0.5,0.05,100.0
20.303,20.303,0,IDLE,0.5,0.5,0.05,100.0
20.303,20.303,1,IDLE,1.5,0.5,0.05,100.0
20.403,20.403,0,IDLE,0.5,0.5,0.05,100.0
20.403,20.403,1,IDLE,1.5,0.5,0.05,100.0
20.503,20.503,0,IDLE,0.5,0.5,0.05,100.0
20.503,20.503,1,IDLE,1.5,0.5,0.05,100.0
20.603,20.603,0,IDLE,0.5,0.5,0.05,100.0
20.603,20.603,1,IDLE,1.5,0.5,0.05,100.0
20.703,20.703,0,IDLE,0.5,0.5,0.05,100.0
20.703,20.703,1,IDLE,1.5,0.5,0.05,100.0
20.804,20.804,0,IDLE,0.5,0.5,0.05,100.0
20.804,20.804,1,IDLE,1.5,0.5,0.05,100.0
20.904,20.904,0,IDLE,0.5,0.5,0.05,100.0
20.904,20.904,1,IDLE,1.5,0.5,0.05,100.0
21.004,21.004,0,IDLE,0.5,0.5,0.05,100.0
21.004,21.004,1,IDLE,1.5,0.5,0.05,100.0
21.103,21.103,0,IDLE,0.5,0.5,0.05,100.0
21.103,21.103,1,IDLE,1.5,0.5,0.05,100.0
21.203,21.203,0,IDLE,0.5,0.5,0.05,100.0
21.203,21.203,1,IDLE,1.5,0.5,0.05,100.0
21.303,21.303,0,IDLE,0.5,0.5,0.05,100.0
21.303,21.303,1,IDLE,1.5,0.5,0.05,100.0
21.404,21.404,0,IDLE,0.5,0.5,0.05,100.0
21.404,21.404,1,IDLE,1.5,0.5,0.05,100.0
21.503,21.503,0,IDLE,0.5,0.5,0.05,100.0
21.503,21.503,1,IDLE,1.5,0.5,0.05,100.0
21.604,21.604,0,IDLE,0.5,0.5,0.05,100.0
21.604,21.604,1,IDLE,1.5,0.5,0.05,100.0
21.704,21.704,0,IDLE,0.5,0.5,0.05,100.0
21.704,21.704,1,IDLE,1.5,0.5,0.05,100.0
21.804,21.804,0,IDLE,0.5,0.5,0.05,100.0
21.804,21.804,1,IDLE,1.5,0.5,0.05,100.0
21.904,21.904,0,IDLE,0.5,0.5,0.05,100.0
21.904,21.904,1,IDLE,1.5,0.5,0.05,100.0
22.003,22.003,0,IDLE,0.5,0.5,0.05,100.0
22.003,22.003,1,IDLE,1.5,0.5,0.05,100.0
22.103,22.103,0,IDLE,0.5,0.5,0.05,100.0
22.103,22.103,1,IDLE,1.5,0.5,0.05,100.0
22.203,22.203,0,IDLE,0.5,0.5,0.05,100.0
22.203,22.203,1,IDLE,1.5,0.5,0.05,100.0
22.303,22.303,0,IDLE,0.5,0.5,0.05,100.0
22.303,22.303,1,IDLE,1.5,0.5,0.05,100.0
22.403,22.403,0,IDLE,0.5,0.5,0.05,100.0
22.403,22.403,1,IDLE,1.5,0.5,0.05,100.0
22.503,22.503,0,IDLE,0.5,0.5,0.05,100.0
22.503,22.503,1,IDLE,1.5,0.5,0.05,100.0
22.604,22.604,0,IDLE,0.5,0.5,0.05,100.0
22.604,22.604,1,IDLE,1.5,0.5,0.05,100.0
22.704,22.704,0,IDLE,0.5,0.5,0.05,100.0
22.704,22.704,1,IDLE,1.5,0.5,0.05,100.0
22.803,22.803,0,IDLE,0.5,0.5,0.05,100.0
22.803,22.803,1,IDLE,1.5,0.5,0.05,100.0
22.904,22.904,0,IDLE,0.5,0.5,0.05,100.0
22.904,22.904,1,IDLE,1.5,0.5,0.05,100.0
23.003,23.003,0,IDLE,0.5,0.5,0.05,100.0
23.003,23.003,1,IDLE,1.5,0.5,0.05,100.0
23.103,23.103,0,IDLE,0.5,0.5,0.05,100.0
23.103,23.103,1,IDLE,1.5,0.5,0.05,100.0
23.203,23.203,0,IDLE,0.5,0.5,0.05,100.0
23.203,23.203,1,IDLE,1.5,0.5,0.05,100.0
23.304,23.304,0,IDLE,0.5,0.5,0.05,100.0
23.304,23.304,1,IDLE,1.5,0.5,0.05,100.0
23.403,23.403,0,IDLE,0.5,0.5,0.05,100.0
23.403,23.403,1,IDLE,1.5,0.5,0.05,100.0
23.503,23.503,0,IDLE,0.5,0.5,0.05,100.0
23.503,23.503,1,IDLE,1.5,0.5,0.05,100.0
23.604,23.604,0,IDLE,0.5,0.5,0.05,100.0
23.604,23.604,1,IDLE,1.5,0.5,0.05,100.0
23.703,23.704,0,IDLE,0.5,0.5,0.05,100.0
23.703,23.704,1,IDLE,1.5,0.5,0.05,100.0
23.803,23.803,0,IDLE,0.5,0.5,0.05,100.0
23.803,23.803,1,IDLE,1.5,0.5,0.05,100.0
23.904,23.904,0,IDLE,0.5,0.5,0.05,100.0
23.904,23.904,1,IDLE,1.5,0.5,0.05,100.0
24.003,24.003,0,IDLE,0.5,0.5,0.05,100.0
24.003,24.003,1,IDLE,1.5,0.5,0.05,100.0
24.103,24.103,0,IDLE,0.5,0.5,0.05,100.0
24.103,24.103,1,IDLE,1.5,0.5,0.05,100.0
24.203,24.203,0,IDLE,0.5,0.5,0.05,100.0
24.203,24.203,1,IDLE,1.5,0.5,0.05,100.0
24.304,24.304,0,IDLE,0.5,0.5,0.05,100.0
24.304,24.304,1,IDLE,1.5,0.5,0.05,100.0
24.404,24.404,0,IDLE,0.5,0.5,0.05,100.0
24.404,24.404,1,IDLE,1.5,0.5,0.05,100.0
24.504,24.504,0,IDLE,0.5,0.5,0.05,100.0
24.504,24.504,1,IDLE,1.5,0.5,0.05,100.0
24.603,24.603,0,IDLE,0.5,0.5,0.05,100.0
24.603,24.603,1,IDLE,1.5,0.5,0.05,100.0
24.703,24.703,0,IDLE,0.5,0.5,0.05,100.0
24.703,24.703,1,IDLE,1.5,0.5,0.05,100.0
24.804,24.804,0,IDLE,0.5,0.5,0.05,100.0
24.804,24.804,1,IDLE,1.5,0.5,0.05,100.0
24.903,24.903,0,IDLE,0.5,0.5,0.05,100.0
24.903,24.903,1,IDLE,1.5,0.5,0.05,100.0
25.003,25.003,0,IDLE,0.5,0.5,0.05,100.0
25.003,25.003,1,IDLE,1.5,0.5,0.05,100.0
25.103,25.103,0,IDLE,0.5,0.5,0.05,100.0
25.103,25.103,1,IDLE,1.5,0.5,0.05,100.0
25.203,25.203,0,IDLE,0.5,0.5,0.05,100.0
25.203,25.203,1,IDLE,1.5,0.5,0.05,100.0
25.303,25.304,0,IDLE,0.5,0.5,0.05,100.0
25.303,25.304,1,IDLE,1.5,0.5,0.05,100.0
25.403,25.403,0,IDLE,0.5,0.5,0.05,100.0
25.403,25.403,1,IDLE,1.5,0.5,0.05,100.0
25.503,25.503,0,IDLE,0.5,0.5,0.05,100.0
25.503,25.503,1,IDLE,1.5,0.5,0.05,100.0
25.603,25.603,0,IDLE,0.5,0.5,0.05,100.0
25.603,25.603,1,IDLE,1.5,0.5,0.05,100.0
25.703,25.703,0,IDLE,0.5,0.5,0.05,100.0
25.703,25.703,1,IDLE,1.5,0.5,0.05,100.0
25.803,25.803,0,IDLE,0.5,0.5,0.05,100.0
25.803,25.803,1,IDLE,1.5,0.5,0.05,100.0
25.903,25.903,0,IDLE,0.5,0.5,0.05,100.0
25.903,25.903,1,IDLE,1.5,0.5,0.05,100.0
26.003,26.003,0,IDLE,0.5,0.5,0.05,100.0
26.003,26.003,1,IDLE,1.5,0.5,0.05,100.0
26.103,26.103,0,IDLE,0.5,0.5,0.05,100.0
26.103,26.103,1,IDLE,1.5,0.5,0.05,100.0
26.203,26.203,0,IDLE,0.5,0.5,0.05,100.0
26.203,26.203,1,IDLE,1.5,0.5,0.05,100.0
26.303,26.303,0,IDLE,0.5,0.5,0.05,100.0
26.303,26.303,1,IDLE,1.5,0.5,0.05,100.0
26.403,26.403,0,IDLE,0.5,0.5,0.05,100.0
26.403,26.403,1,IDLE,1.5,0.5,0.05,100.0
26.503,26.503,0,IDLE,0.5,0.5,0.05,100.0
26.503,26.503,1,IDLE,1.5,0.5,0.05,100.0
26.603,26.603,0,IDLE,0.5,0.5,0.05,100.0
26.603,26.603,1,IDLE,1.5,0.5,0.05,100.0
26.703,26.703,0,IDLE,0.5,0.5,0.05,100.0
26.703,26.703,1,IDLE,1.5,0.5,0.05,100.0
26.803,26.803,0,IDLE,0.5,0.5,0.05,100.0
26.803,26.803,1,IDLE,1.5,0.5,0.05,100.0
26.903,26.903,0,IDLE,0.5,0.5,0.05,100.0
26.903,26.903,1,IDLE,1.5,0.5,0.05,100.0
27.003,27.003,0,IDLE,0.5,0.5,0.05,100.0
27.003,27.003,1,IDLE,1.5,0.5,0.05,100.0
27.103,27.103,0,IDLE,0.5,0.5,0.05,100.0
27.103,27.103,1,IDLE,1.5,0.5,0.05,100.0
27.203,27.203,0,IDLE,0.5,0.5,0.05,100.0
27.203,27.203,1,IDLE,1.5,0.5,0.05,100.0
27.303,27.303,0,IDLE,0.5,0.5,0.05,100.0
27.303,27.303,1,IDLE,1.5,0.5,0.05,100.0
27.403,27.403,0,IDLE,0.5,0.5,0.05,100.0
27.403,27.403,1,IDLE,1.5,0.5,0.05,100.0
27.503,27.503,0,IDLE,0.5,0.5,0.05,100.0
27.503,27.503,1,IDLE,1.5,0.5,0.05,100.0
27.603,27.603,0,IDLE,0.5,0.5,0.05,100.0
27.603,27.603,1,IDLE,1.5,0.5,0.05,100.0
27.703,27.703,0,IDLE,0.5,0.5,0.05,100.0
27.703,27.703,1,IDLE,1.5,0.5,0.05,100.0
27.803,27.803,0,IDLE,0.5,0.5,0.05,100.0
27.803,27.803,1,IDLE,1.5,0.5,0.05,100.0
27.903,27.903,0,IDLE,0.5,0.5,0.05,100.0
27.903,27.903,1,IDLE,1.5,0.5,0.05,100.0
28.003,28.003,0,IDLE,0.5,0.5,0.05,100.0
28.003,28.003,1,IDLE,1.5,0.5,0.05,100.0
28.103,28.103,0,IDLE,0.5,0.5,0.05,100.0
28.103,28.103,1,IDLE,1.5,0.5,0.05,100.0
28.203,28.203,0,IDLE,0.5,0.5,0.05,100.0
28.203,28.203,1,IDLE,1.5,0.5,0.05,100.0
28.303,28.303,0,IDLE,0.5,0.5,0.05,100.0
28.303,28.303,1,IDLE,1.5,0.5,0.05,100.0
28.403,28.403,0,IDLE,0.5,0.5,0.05,100.0
28.403,28.403,1,IDLE,1.5,0.5,0.05,100.0
28.503,28.504,0,IDLE,0.5,0.5,0.05,100.0
28.503,28.504,1,IDLE,1.5,0.5,0.05,100.0
28.603,28.603,0,IDLE,0.5,0.5,0.05,100.0
28.603,28.603,1,IDLE,1.5,0.5,0.05,100.0
28.703,28.703,0,IDLE,0.5,0.5,0.05,100.0
28.703,28.703,1,IDLE,1.5,0.5,0.05,100.0
28.804,28.804,0,IDLE,0.5,0.5,0.05,100.0
28.804,28.804,1,IDLE,1.5,0.5,0.05,100.0
28.903,28.903,0,IDLE,0.5,0.5,0.05,100.0
28.903,28.903,1,IDLE,1.5,0.5,0.05,100.0
29.003,29.003,0,IDLE,0.5,0.5,0.05,100.0
29.003,29.003,1,IDLE,1.5,0.5,0.05,100.0
29.103,29.103,0,IDLE,0.5,0.5,0.05,100.0
29.103,29.103,1,IDLE,1.5,0.5,0.05,100.0
29.203,29.203,0,IDLE,0.5,0.5,0.05,100.0
29.203,29.203,1,IDLE,1.5,0.5,0.05,100.0
29.303,29.303,0,IDLE,0.5,0.5,0.05,100.0
29.303,29.303,1,IDLE,1.5,0.5,0.05,100.0
29.403,29.403,0,IDLE,0.5,0.5,0.05,100.0
29.403,29.403,1,IDLE,1.5,0.5,0.05,100.0
29.503,29.503,0,IDLE,0.5,0.5,0.05,100.0
29.503,29.503,1,IDLE,1.5,0.5,0.05,100.0
29.603,29.603,0,IDLE,0.5,0.5,0.05,100.0
29.603,29.603,1,IDLE,1.5,0.5,0.05,100.0
29.703,29.703,0,IDLE,0.5,0.5,0.05,100.0
29.703,29.703,1,IDLE,1.5,0.5,0.05,100.0
29.804,29.804,0,IDLE,0.5,0.5,0.05,100.0
29.804,29.804,1,IDLE,1.5,0.5,0.05,100.0
29.903,29.903,0,IDLE,0.5,0.5,0.05,100.0
29.903,29.903,1,IDLE,1.5,0.5,0.05,100.0
30.003,30.003,0,IDLE,0.5,0.5,0.05,100.0
30.003,30.003,1,IDLE,1.5,0.5,0.05,100.0
30.103,30.103,0,IDLE,0.5,0.5,0.05,100.0
30.103,30.103,1,IDLE,1.5,0.5,0.05,100.0
30.203,30.203,0,IDLE,0.5,0.5,0.05,100.0
30.203,30.203,1,IDLE,1.5,0.5,0.05,100.0
30.304,30.304,0,IDLE,0.5,0.5,0.05,100.0
30.304,30.304,1,IDLE,1.5,0.5,0.05,100.0
30.403,30.403,0,IDLE,0.5,0.5,0.05,100.0
30.403,30.403,1,IDLE,1.5,0.5,0.05,100.0
30.503,30.503,0,IDLE,0.5,0.5,0.05,100.0
30.503,30.503,1,IDLE,1.5,0.5,0.05,100.0
30.604,30.604,0,IDLE,0.5,0.5,0.05,100.0
30.604,30.604,1,IDLE,1.5,0.5,0.05,100.0
30.703,30.703,0,IDLE,0.5,0.5,0.05,100.0
30.703,30.703,1,IDLE,1.5,0.5,0.05,100.0
30.803,30.803,0,IDLE,0.5,0.5,0.05,100.0
30.803,30.803,1,IDLE,1.5,0.5,0.05,100.0
30.903,30.903,0,IDLE,0.5,0.5,0.05,100.0
30.903,30.903,1,IDLE,1.5,0.5,0.05,100.0
31.003,31.003,0,IDLE,0.5,0.5,0.05,100.0
31.003,31.003,1,IDLE,1.5,0.5,0.05,100.0
31.103,31.103,0,IDLE,0.5,0.5,0.05,100.0
31.103,31.103,1,IDLE,1.5,0.5,0.05,100.0
31.204,31.204,0,IDLE,0.5,0.5,0.05,100.0
31.204,31.204,1,IDLE,1.5,0.5,0.05,100.0
31.303,31.303,0,IDLE,0.5,0.5,0.05,100.0
31.303,31.303,1,IDLE,1.5,0.5,0.05,100.0
31.404,31.404,0,IDLE,0.5,0.5,0.05,100.0
31.404,31.404,1,IDLE,1.5,0.5,0.05,100.0
31.504,31.504,0,IDLE,0.5,0.5,0.05,100.0
31.504,31.504,1,IDLE,1.5,0.5,0.05,100.0
31.603,31.603,0,IDLE,0.5,0.5,0.05,100.0
31.603,31.603,1,IDLE,1.5,0.5,0.05,100.0
31.703,31.703,0,IDLE,0.5,0.5,0.05,100.0
31.703,31.703,1,IDLE,1.5,0.5,0.05,100.0
31.803,31.803,0,IDLE,0.5,0.5,0.05,100.0
31.803,31.803,1,IDLE,1.5,0.5,0.05,100.0
31.903,31.903,0,IDLE,0.5,0.5,0.05,100.0
31.903,31.903,1,IDLE,1.5,0.5,0.05,100.0
32.003,32.003,0,IDLE,0.5,0.5,0.05,100.0
32.003,32.003,1,IDLE,1.5,0.5,0.05,100.0
32.103,32.103,0,IDLE,0.5,0.5,0.05,100.0
32.103,32.103,1,IDLE,1.5,0.5,0.05,100.0
32.203,32.203,0,IDLE,0.5,0.5,0.05,100.0
32.203,32.203,1,IDLE,1.5,0.5,0.05,100.0
32.303,32.303,0,IDLE,0.5,0.5,0.05,100.0
32.303,32.303,1,IDLE,1.5,0.5,0.05,100.0
32.403,32.403,0,IDLE,0.5,0.5,0.05,100.0
32.403,32.403,1,IDLE,1.5,0.5,0.05,100.0
32.504,32.504,0,IDLE,0.5,0.5,0.05,100.0
32.504,32.504,1,IDLE,1.5,0.5,0.05,100.0
32.604,32.604,0,IDLE,0.5,0.5,0.05,100.0
32.604,32.604,1,IDLE,1.5,0.5,0.05,100.0
32.703,32.703,0,IDLE,0.5,0.5,0.05,100.0
32.703,32.703,1,IDLE,1.5,0.5,0.05,100.0
32.803,32.803,0,IDLE,0.5,0.5,0.05,100.0
32.803,32.803,1,IDLE,1.5,0.5,0.05,100.0
32.904,32.904,0,IDLE,0.5,0.5,0.05,100.0
32.904,32.904,1,IDLE,1.5,0.5,0.05,100.0
33.003,33.003,0,IDLE,0.5,0.5,0.05,100.0
33.003,33.003,1,IDLE,1.5,0.5,0.05,100.0
33.103,33.103,0,IDLE,0.5,0.5,0.05,100.0
33.103,33.103,1,IDLE,1.5,0.5,0.05,100.0
33.203,33.203,0,IDLE,0.5,0.5,0.05,100.0
33.203,33.203,1,IDLE,1.5,0.5,0.05,100.0
33.303,33.303,0,IDLE,0.5,0.5,0.05,100.0
33.303,33.303,1,IDLE,1.5,0.5,0.05,100.0
33.403,33.403,0,IDLE,0.5,0.5,0.05,100.0
33.403,33.403,1,IDLE,1.5,0.5,0.05,100.0
33.504,33.504,0,IDLE,0.5,0.5,0.05,100.0
33.504,33.504,1,IDLE,1.5,0.5,0.05,100.0
33.603,33.603,0,IDLE,0.5,0.5,0.05,100.0
33.603,33.603,1,IDLE,1.5,0.5,0.05,100.0
33.703,33.703,0,IDLE,0.5,0.5,0.05,100.0
33.703,33.703,1,IDLE,1.5,0.5,0.05,100.0
33.803,33.803,0,IDLE,0.5,0.5,0.05,100.0
33.803,33.803,1,IDLE,1.5,0.5,0.05,100.0
33.903,33.903,0,IDLE,0.5,0.5,0.05,100.0
33.903,33.903,1,IDLE,1.5,0.5,0.05,100.0
34.003,34.003,0,IDLE,0.5,0.5,0.05,100.0
34.003,34.003,1,IDLE,1.5,0.5,0.05,100.0
34.103,34.103,0,IDLE,0.5,0.5,0.05,100.0
34.103,34.103,1,IDLE,1.5,0.5,0.05,100.0
34.203,34.203,0,IDLE,0.5,0.5,0.05,100.0
34.203,34.203,1,IDLE,1.5,0.5,0.05,100.0
34.303,34.303,0,IDLE,0.5,0.5,0.05,100.0
34.303,34.303,1,IDLE,1.5,0.5,0.05,100.0
34.403,34.403,0,IDLE,0.5,0.5,0.05,100.0
34.403,34.403,1,IDLE,1.5,0.5,0.05,100.0
34.503,34.503,0,IDLE,0.5,0.5,0.05,100.0
34.503,34.503,1,IDLE,1.5,0.5,0.05,100.0
34.603,34.603,0,IDLE,0.5,0.5,0.05,100.0
34.603,34.603,1,IDLE,1.5,0.5,0.05,100.0
34.703,34.703,0,IDLE,0.5,0.5,0.05,100.0
34.703,34.703,1,IDLE,1.5,0.5,0.05,100.0
34.803,34.803,0,IDLE,0.5,0.5,0.05,100.0
34.803,34.803,1,IDLE,1.5,0.5,0.05,100.0
34.904,34.904,0,IDLE,0.5,0.5,0.05,100.0
34.904,34.904,1,IDLE,1.5,0.5,0.05,100.0
35.003,35.003,0,IDLE,0.5,0.5,0.05,100.0
35.003,35.003,1,IDLE,1.5,0.5,0.05,100.0
35.103,35.103,0,IDLE,0.5,0.5,0.05,100.0
35.103,35.103,1,IDLE,1.5,0.5,0.05,100.0
35.203,35.203,0,IDLE,0.5,0.5,0.05,100.0
35.203,35.203,1,IDLE,1.5,0.5,0.05,100.0
35.303,35.303,0,IDLE,0.5,0.5,0.05,100.0
35.303,35.303,1,IDLE,1.5,0.5,0.05,100.0
35.403,35.403,0,IDLE,0.5,0.5,0.05,100.0
35.403,35.403,1,IDLE,1.5,0.5,0.05,100.0
35.503,35.503,0,IDLE,0.5,0.5,0.05,100.0
35.503,35.503,1,IDLE,1.5,0.5,0.05,100.0
35.604,35.604,0,IDLE,0.5,0.5,0.05,100.0
35.604,35.604,1,IDLE,1.5,0.5,0.05,100.0
35.704,35.704,0,IDLE,0.5,0.5,0.05,100.0
35.704,35.704,1,IDLE,1.5,0.5,0.05,100.0
35.804,35.804,0,IDLE,0.5,0.5,0.05,100.0
35.804,35.804,1,IDLE,1.5,0.5,0.05,100.0
35.903,35.903,0,IDLE,0.5,0.5,0.05,100.0
35.903,35.903,1,IDLE,1.5,0.5,0.05,100.0
36.003,36.003,0,IDLE,0.5,0.5,0.05,100.0
36.003,36.003,1,IDLE,1.5,0.5,0.05,100.0
36.103,36.103,0,IDLE,0.5,0.5,0.05,100.0
36.103,36.103,1,IDLE,1.5,0.5,0.05,100.0
36.203,36.203,0,IDLE,0.5,0.5,0.05,100.0
36.203,36.203,1,IDLE,1.5,0.5,0.05,100.0
36.304,36.304,0,IDLE,0.5,0.5,0.05,100.0
36.304,36.304,1,IDLE,1.5,0.5,0.05,100.0
36.403,36.403,0,IDLE,0.5,0.5,0.05,100.0
36.403,36.403,1,IDLE,1.5,0.5,0.05,100.0
36.503,36.503,0,IDLE,0.5,0.5,0.05,100.0
36.503,36.503,1,IDLE,1.5,0.5,0.05,100.0
36.603,36.603,0,IDLE,0.5,0.5,0.05,100.0
36.603,36.603,1,IDLE,1.5,0.5,0.05,100.0
36.703,36.703,0,IDLE,0.5,0.5,0.05,100.0
36.703,36.703,1,IDLE,1.5,0.5,0.05,100.0
36.803,36.803,0,IDLE,0.5,0.5,0.05,100.0
36.803,36.803,1,IDLE,1.5,0.5,0.05,100.0
36.903,36.903,0,IDLE,0.5,0.5,0.05,100.0
36.903,36.903,1,IDLE,1.5,0.5,0.05,100.0
37.003,37.003,0,IDLE,0.5,0.5,0.05,100.0
37.003,37.003,1,IDLE,1.5,0.5,0.05,100.0
37.103,37.103,0,IDLE,0.5,0.5,0.05,100.0
37.103,37.103,1,IDLE,1.5,0.5,0.05,100.0
37.204,37.204,0,IDLE,0.5,0.5,0.05,100.0
37.204,37.204,1,IDLE,1.5,0.5,0.05,100.0
37.303,37.303,0,IDLE,0.5,0.5,0.05,100.0
37.303,37.303,1,IDLE,1.5,0.5,0.05,100.0
37.403,37.403,0,IDLE,0.5,0.5,0.05,100.0
37.403,37.403,1,IDLE,1.5,0.5,0.05,100.0
37.503,37.503,0,IDLE,0.5,0.5,0.05,100.0
37.503,37.503,1,IDLE,1.5,0.5,0.05,100.0
37.604,37.604,0,IDLE,0.5,0.5,0.05,100.0
37.604,37.604,1,IDLE,1.5,0.5,0.05,100.0
37.704,37.704,0,IDLE,0.5,0.5,0.05,100.0
37.704,37.704,1,IDLE,1.5,0.5,0.05,100.0
37.803,37.803,0,IDLE,0.5,0.5,0.05,100.0
37.803,37.803,1,IDLE,1.5,0.5,0.05,100.0
37.904,37.904,0,IDLE,0.5,0.5,0.05,100.0
37.904,37.904,1,IDLE,1.5,0.5,0.05,100.0
38.003,38.003,0,IDLE,0.5,0.5,0.05,100.0
38.003,38.003,1,IDLE,1.5,0.5,0.05,100.0
38.104,38.104,0,IDLE,0.5,0.5,0.05,100.0
38.104,38.104,1,IDLE,1.5,0.5,0.05,100.0
38.203,38.203,0,IDLE,0.5,0.5,0.05,100.0
38.203,38.203,1,IDLE,1.5,0.5,0.05,100.0
38.304,38.304,0,IDLE,0.5,0.5,0.05,100.0
38.304,38.304,1,IDLE,1.5,0.5,0.05,100.0
38.403,38.403,0,IDLE,0.5,0.5,0.05,100.0
38.403,38.403,1,IDLE,1.5,0.5,0.05,100.0
38.503,38.503,0,IDLE,0.5,0.5,0.05,100.0
38.503,38.503,1,IDLE,1.5,0.5,0.05,100.0
38.603,38.603,0,IDLE,0.5,0.5,0.05,100.0
38.603,38.603,1,IDLE,1.5,0.5,0.05,100.0
38.704,38.704,0,IDLE,0.5,0.5,0.05,100.0
38.704,38.704,1,IDLE,1.5,0.5,0.05,100.0
38.803,38.803,0,IDLE,0.5,0.5,0.05,100.0
38.803,38.803,1,IDLE,1.5,0.5,0.05,100.0
38.903,38.903,0,IDLE,0.5,0.5,0.05,100.0
38.903,38.903,1,IDLE,1.5,0.5,0.05,100.0
39.003,39.003,0,IDLE,0.5,0.5,0.05,100.0
39.003,39.003,1,IDLE,1.5,0.5,0.05,100.0
39.103,39.103,0,IDLE,0.5,0.5,0.05,100.0
39.103,39.103,1,IDLE,1.5,0.5,0.05,100.0
39.203,39.203,0,IDLE,0.5,0.5,0.05,100.0
39.203,39.203,1,IDLE,1.5,0.5,0.05,100.0
39.303,39.303,0,IDLE,0.5,0.5,0.05,100.0
39.303,39.303,1,IDLE,1.5,0.5,0.05,100.0
39.403,39.403,0,IDLE,0.5,0.5,0.05,100.0
39.403,39.403,1,IDLE,1.5,0.5,0.05,100.0
39.503,39.503,0,IDLE,0.5,0.5,0.05,100.0
39.503,39.503,1,IDLE,1.5,0.5,0.05,100.0
39.603,39.603,0,IDLE,0.5,0.5,0.05,100.0
39.603,39.603,1,IDLE,1.5,0.5,0.05,100.0
39.703,39.703,0,IDLE,0.5,0.5,0.05,100.0
39.703,39.703,1,IDLE,1.5,0.5,0.05,100.0
39.803,39.803,0,IDLE,0.5,0.5,0.05,100.0
39.803,39.803,1,IDLE,1.5,0.5,0.05,100.0
39.903,39.903,0,IDLE,0.5,0.5,0.05,100.0
39.903,39.903,1,IDLE,1.5,0.5,0.05,100.0
40.003,40.003,0,IDLE,0.5,0.5,0.05,100.0
40.003,40.003,1,IDLE,1.5,0.5,0.05,100.0
40.103,40.103,0,IDLE,0.5,0.5,0.05,100.0
40.103,40.103,1,IDLE,1.5,0.5,0.05,100.0
40.203,40.203,0,IDLE,0.5,0.5,0.05,100.0
40.203,40.203,1,IDLE,1.5,0.5,0.05,100.0
40.303,40.303,0,IDLE,0.5,0.5,0.05,100.0
40.303,40.303,1,IDLE,1.5,0.5,0.05,100.0
40.403,40.403,0,IDLE,0.5,0.5,0.05,100.0
40.403,40.403,1,IDLE,1.5,0.5,0.05,100.0
40.503,40.503,0,IDLE,0.5,0.5,0.05,100.0
40.503,40.503,1,IDLE,1.5,0.5,0.05,100.0
40.603,40.603,0,IDLE,0.5,0.5,0.05,100.0
40.603,40.603,1,IDLE,1.5,0.5,0.05,100.0
40.703,40.703,0,IDLE,0.5,0.5,0.05,100.0
40.703,40.703,1,IDLE,1.5,0.5,0.05,100.0
40.803,40.803,0,IDLE,0.5,0.5,0.05,100.0
40.803,40.803,1,IDLE,1.5,0.5,0.05,100.0
40.903,40.903,0,IDLE,0.5,0.5,0.05,100.0
40.903,40.903,1,IDLE,1.5,0.5,0.05,100.0
41.003,41.003,0,IDLE,0.5,0.5,0.05,100.0
41.003,41.003,1,IDLE,1.5,0.5,0.05,100.0
41.103,41.103,0,IDLE,0.5,0.5,0.05,100.0
41.103,41.103,1,IDLE,1.5,0.5,0.05,100.0
41.204,41.204,0,IDLE,0.5,0.5,0.05,100.0
41.204,41.204,1,IDLE,1.5,0.5,0.05,100.0
41.303,41.303,0,IDLE,0.5,0.5,0.05,100.0
41.303,41.303,1,IDLE,1.5,0.5,0.05,100.0
41.403,41.403,0,IDLE,0.5,0.5,0.05,100.0
41.403,41.403,1,IDLE,1.5,0.5,0.05,100.0
41.503,41.503,0,IDLE,0.5,0.5,0.05,100.0
41.503,41.503,1,IDLE,1.5,0.5,0.05,100.0
41.603,41.603,0,IDLE,0.5,0.5,0.05,100.0
41.603,41.603,1,IDLE,1.5,0.5,0.05,100.0
41.704,41.704,0,IDLE,0.5,0.5,0.05,100.0
41.704,41.704,1,IDLE,1.5,0.5,0.05,100.0
41.804,41.804,0,IDLE,0.5,0.5,0.05,100.0
41.804,41.804,1,IDLE,1.5,0.5,0.05,100.0
41.904,41.904,0,IDLE,0.5,0.5,0.05,100.0
41.904,41.904,1,IDLE,1.5,0.5,0.05,100.0
42.003,42.003,0,IDLE,0.5,0.5,0.05,100.0
42.003,42.003,1,IDLE,1.5,0.5,0.05,100.0
42.104,42.104,0,IDLE,0.5,0.5,0.05,100.0
42.104,42.104,1,IDLE,1.5,0.5,0.05,100.0
42.203,42.203,0,IDLE,0.5,0.5,0.05,100.0
42.203,42.203,1,IDLE,1.5,0.5,0.05,100.0
42.303,42.303,0,IDLE,0.5,0.5,0.05,100.0
42.303,42.303,1,IDLE,1.5,0.5,0.05,100.0
42.403,42.403,0,IDLE,0.5,0.5,0.05,100.0
42.403,42.403,1,IDLE,1.5,0.5,0.05,100.0
42.503,42.503,0,IDLE,0.5,0.5,0.05,100.0
42.503,42.503,1,IDLE,1.5,0.5,0.05,100.0
42.603,42.603,0,IDLE,0.5,0.5,0.05,100.0
42.603,42.603,1,IDLE,1.5,0.5,0.05,100.0
42.703,42.703,0,IDLE,0.5,0.5,0.05,100.0
42.703,42.703,1,IDLE,1.5,0.5,0.05,100.0
42.803,42.803,0,IDLE,0.5,0.5,0.05,100.0
42.803,42.803,1,IDLE,1.5,0.5,0.05,100.0
42.903,42.903,0,IDLE,0.5,0.5,0.05,100.0
42.903,42.903,1,IDLE,1.5,0.5,0.05,100.0
43.003,43.003,0,IDLE,0.5,0.5,0.05,100.0
43.003,43.003,1,IDLE,1.5,0.5,0.05,100.0
43.104,43.104,0,IDLE,0.5,0.5,0.05,100.0
43.104,43.104,1,IDLE,1.5,0.5,0.05,100.0
43.204,43.204,0,IDLE,0.5,0.5,0.05,100.0
43.204,43.204,1,IDLE,1.5,0.5,0.05,100.0
43.303,43.303,0,IDLE,0.5,0.5,0.05,100.0
43.303,43.303,1,IDLE,1.5,0.5,0.05,100.0
43.404,43.404,0,IDLE,0.5,0.5,0.05,100.0
43.404,43.404,1,IDLE,1.5,0.5,0.05,100.0
43.503,43.503,0,IDLE,0.5,0.5,0.05,100.0
43.503,43.503,1,IDLE,1.5,0.5,0.05,100.0
43.604,43.604,0,IDLE,0.5,0.5,0.05,100.0
43.604,43.604,1,IDLE,1.5,0.5,0.05,100.0
43.703,43.703,0,IDLE,0.5,0.5,0.05,100.0
43.703,43.703,1,IDLE,1.5,0.5,0.05,100.0
43.803,43.803,0,IDLE,0.5,0.5,0.05,100.0
43.803,43.803,1,IDLE,1.5,0.5,0.05,100.0
43.903,43.903,0,IDLE,0.5,0.5,0.05,100.0
43.903,43.903,1,IDLE,1.5,0.5,0.05,100.0
44.003,44.003,0,IDLE,0.5,0.5,0.05,100.0
44.003,44.003,1,IDLE,1.5,0.5,0.05,100.0
44.104,44.104,0,IDLE,0.5,0.5,0.05,100.0
44.104,44.104,1,IDLE,1.5,0.5,0.05,100.0
44.203,44.203,0,IDLE,0.5,0.5,0.05,100.0
44.203,44.203,1,IDLE,1.5,0.5,0.05,100.0
44.304,44.304,0,IDLE,0.5,0.5,0.05,100.0
44.304,44.304,1,IDLE,1.5,0.5,0.05,100.0
44.404,44.404,0,IDLE,0.5,0.5,0.05,100.0
44.404,44.404,1,IDLE,1.5,0.5,0.05,100.0
44.504,44.504,0,IDLE,0.5,0.5,0.05,100.0
44.504,44.504,1,IDLE,1.5,0.5,0.05,100.0
44.604,44.604,0,IDLE,0.5,0.5,0.05,100.0
44.604,44.604,1,IDLE,1.5,0.5,0.05,100.0
44.703,44.703,0,IDLE,0.5,0.5,0.05,100.0
44.703,44.703,1,IDLE,1.5,0.5,0.05,100.0
44.804,44.804,0,IDLE,0.5,0.5,0.05,100.0
44.804,44.804,1,IDLE,1.5,0.5,0.05,100.0
44.903,44.903,0,IDLE,0.5,0.5,0.05,100.0
44.903,44.903,1,IDLE,1.5,0.5,0.05,100.0
45.003,45.003,0,IDLE,0.5,0.5,0.05,100.0
45.003,45.003,1,IDLE,1.5,0.5,0.05,100.0
45.104,45.104,0,IDLE,0.5,0.5,0.05,100.0
45.104,45.104,1,IDLE,1.5,0.5,0.05,100.0
45.203,45.203,0,IDLE,0.5,0.5,0.05,100.0
45.203,45.203,1,IDLE,1.5,0.5,0.05,100.0
45.303,45.303,0,IDLE,0.5,0.5,0.05,100.0
45.303,45.303,1,IDLE,1.5,0.5,0.05,100.0
45.404,45.404,0,IDLE,0.5,0.5,0.05,100.0
45.404,45.404,1,IDLE,1.5,0.5,0.05,100.0
45.504,45.504,0,IDLE,0.5,0.5,0.05,100.0
45.504,45.504,1,IDLE,1.5,0.5,0.05,100.0
45.604,45.604,0,IDLE,0.5,0.5,0.05,100.0
45.604,45.604,1,IDLE,1.5,0.5,0.05,100.0
45.703,45.703,0,IDLE,0.5,0.5,0.05,100.0
45.703,45.703,1,IDLE,1.5,0.5,0.05,100.0
45.804,45.804,0,IDLE,0.5,0.5,0.05,100.0
45.804,45.804,1,IDLE,1.5,0.5,0.05,100.0
45.904,45.904,0,IDLE,0.5,0.5,0.05,100.0
45.904,45.904,1,IDLE,1.5,0.5,0.05,100.0
46.004,46.004,0,IDLE,0.5,0.5,0.05,100.0
46.004,46.004,1,IDLE,1.5,0.5,0.05,100.0
46.103,46.103,0,IDLE,0.5,0.5,0.05,100.0
46.103,46.103,1,IDLE,1.5,0.5,0.05,100.0
46.203,46.203,0,IDLE,0.5,0.5,0.05,100.0
46.203,46.203,1,IDLE,1.5,0.5,0.05,100.0
46.304,46.304,0,IDLE,0.5,0.5,0.05,100.0
46.304,46.304,1,IDLE,1.5,0.5,0.05,100.0
46.403,46.403,0,IDLE,0.5,0.5,0.05,100.0
46.403,46.403,1,IDLE,1.5,0.5,0.05,100.0
46.504,46.504,0,IDLE,0.5,0.5,0.05,100.0
46.504,46.504,1,IDLE,1.5,0.5,0.05,100.0
46.604,46.604,0,IDLE,0.5,0.5,0.05,100.0
46.604,46.604,1,IDLE,1.5,0.5,0.05,100.0
46.703,46.703,0,IDLE,0.5,0.5,0.05,100.0
46.703,46.703,1,IDLE,1.5,0.5,0.05,100.0
46.804,46.804,0,IDLE,0.5,0.5,0.05,100.0
46.804,46.804,1,IDLE,1.5,0.5,0.05,100.0
46.904,46.904,0,IDLE,0.5,0.5,0.05,100.0
46.904,46.904,1,IDLE,1.5,0.5,0.05,100.0
47.004,47.004,0,IDLE,0.5,0.5,0.05,100.0
47.004,47.004,1,IDLE,1.5,0.5,0.05,100.0
47.103,47.103,0,IDLE,0.5,0.5,0.05,100.0
47.103,47.103,1,IDLE,1.5,0.5,0.05,100.0
47.203,47.203,0,IDLE,0.5,0.5,0.05,100.0
47.203,47.203,1,IDLE,1.5,0.5,0.05,100.0
47.304,47.304,0,IDLE,0.5,0.5,0.05,100.0
47.304,47.304,1,IDLE,1.5,0.5,0.05,100.0
47.404,47.404,0,IDLE,0.5,0.5,0.05,100.0
47.404,47.404,1,IDLE,1.5,0.5,0.05,100.0
47.504,47.504,0,IDLE,0.5,0.5,0.05,100.0
47.504,47.504,1,IDLE,1.5,0.5,0.05,100.0
47.603,47.603,0,IDLE,0.5,0.5,0.05,100.0
47.603,47.603,1,IDLE,1.5,0.5,0.05,100.0
47.703,47.704,0,IDLE,0.5,0.5,0.05,100.0
47.703,47.704,1,IDLE,1.5,0.5,0.05,100.0
47.804,47.804,0,IDLE,0.5,0.5,0.05,100.0
47.804,47.804,1,IDLE,1.5,0.5,0.05,100.0
47.903,47.903,0,IDLE,0.5,0.5,0.05,100.0
47.903,47.903,1,IDLE,1.5,0.5,0.05,100.0
48.003,48.003,0,IDLE,0.5,0.5,0.05,100.0
48.003,48.003,1,IDLE,1.5,0.5,0.05,100.0
48.103,48.103,0,IDLE,0.5,0.5,0.05,100.0
48.103,48.103,1,IDLE,1.5,0.5,0.05,100.0
48.203,48.203,0,IDLE,0.5,0.5,0.05,100.0
48.203,48.203,1,IDLE,1.5,0.5,0.05,100.0
48.303,48.303,0,IDLE,0.5,0.5,0.05,100.0
48.303,48.303,1,IDLE,1.5,0.5,0.05,100.0
48.403,48.403,0,IDLE,0.5,0.5,0.05,100.0
48.403,48.403,1,IDLE,1.5,0.5,0.05,100.0
48.503,48.503,0,IDLE,0.5,0.5,0.05,100.0
48.503,48.503,1,IDLE,1.5,0.5,0.05,100.0
48.603,48.603,0,IDLE,0.5,0.5,0.05,100.0
48.603,48.603,1,IDLE,1.5,0.5,0.05,100.0
48.703,48.703,0,IDLE,0.5,0.5,0.05,100.0
48.703,48.703,1,IDLE,1.5,0.5,0.05,100.0
48.803,48.803,0,IDLE,0.5,0.5,0.05,100.0
48.803,48.803,1,IDLE,1.5,0.5,0.05,100.0
48.903,48.903,0,IDLE,0.5,0.5,0.05,100.0
48.903,48.903,1,IDLE,1.5,0.5,0.05,100.0
49.004,49.004,0,IDLE,0.5,0.5,0.05,100.0
49.004,49.004,1,IDLE,1.5,0.5,0.05,100.0
49.103,49.104,0,IDLE,0.5,0.5,0.05,100.0
49.103,49.104,1,IDLE,1.5,0.5,0.05,100.0
49.204,49.204,0,IDLE,0.5,0.5,0.05,100.0
49.204,49.204,1,IDLE,1.5,0.5,0.05,100.0
49.304,49.304,0,IDLE,0.5,0.5,0.05,100.0
49.304,49.304,1,IDLE,1.5,0.5,0.05,100.0
49.403,49.403,0,IDLE,0.5,0.5,0.05,100.0
49.403,49.403,1,IDLE,1.5,0.5,0.05,100.0
49.504,49.504,0,IDLE,0.5,0.5,0.05,100.0
49.504,49.504,1,IDLE,1.5,0.5,0.05,100.0
49.604,49.604,0,IDLE,0.5,0.5,0.05,100.0
49.604,49.604,1,IDLE,1.5,0.5,0.05,100.0
49.704,49.704,0,IDLE,0.5,0.5,0.05,100.0
49.704,49.704,1,IDLE,1.5,0.5,0.05,100.0
49.804,49.804,0,IDLE,0.5,0.5,0.05,100.0
49.804,49.804,1,IDLE,1.5,0.5,0.05,100.0
49.903,49.903,0,IDLE,0.5,0.5,0.05,100.0
49.903,49.903,1,IDLE,1.5,0.5,0.05,100.0
50.003,50.003,0,IDLE,0.5,0.5,0.05,100.0
50.003,50.003,1,IDLE,1.5,0.5,0.05,100.0
50.103,50.103,0,IDLE,0.5,0.5,0.05,100.0
50.103,50.103,1,IDLE,1.5,0.5,0.05,100.0
50.203,50.203,0,IDLE,0.5,0.5,0.05,100.0
50.203,50.203,1,IDLE,1.5,0.5,0.05,100.0
50.303,50.303,0,IDLE,0.5,0.5,0.05,100.0
50.303,50.303,1,IDLE,1.5,0.5,0.05,100.0
50.403,50.403,0,IDLE,0.5,0.5,0.05,100.0
50.403,50.403,1,IDLE,1.5,0.5,0.05,100.0
50.503,50.503,0,IDLE,0.5,0.5,0.05,100.0
50.503,50.503,1,IDLE,1.5,0.5,0.05,100.0
50.603,50.603,0,IDLE,0.5,0.5,0.05,100.0
50.603,50.603,1,IDLE,1.5,0.5,0.05,100.0
50.703,50.703,0,IDLE,0.5,0.5,0.05,100.0
50.703,50.703,1,IDLE,1.5,0.5,0.05,100.0
50.803,50.803,0,IDLE,0.5,0.5,0.05,100.0
50.803,50.803,1,IDLE,1.5,0.5,0.05,100.0
50.903,50.903,0,IDLE,0.5,0.5,0.05,100.0
50.903,50.903,1,IDLE,1.5,0.5,0.05,100.0
51.003,51.003,0,IDLE,0.5,0.5,0.05,100.0
51.003,51.003,1,IDLE,1.5,0.5,0.05,100.0
51.103,51.103,0,IDLE,0.5,0.5,0.05,100.0
51.103,51.103,1,IDLE,1.5,0.5,0.05,100.0
51.203,51.203,0,IDLE,0.5,0.5,0.05,100.0
51.203,51.203,1,IDLE,1.5,0.5,0.05,100.0
51.303,51.303,0,IDLE,0.5,0.5,0.05,100.0
51.303,51.303,1,IDLE,1.5,0.5,0.05,100.0
51.403,51.403,0,IDLE,0.5,0.5,0.05,100.0
51.403,51.403,1,IDLE,1.5,0.5,0.05,100.0
51.503,51.503,0,IDLE,0.5,0.5,0.05,100.0
51.503,51.503,1,IDLE,1.5,0.5,0.05,100.0
51.603,51.603,0,IDLE,0.5,0.5,0.05,100.0
51.603,51.603,1,IDLE,1.5,0.5,0.05,100.0
51.703,51.703,0,IDLE,0.5,0.5,0.05,100.0
51.703,51.703,1,IDLE,1.5,0.5,0.05,100.0
51.803,51.803,0,IDLE,0.5,0.5,0.05,100.0
51.803,51.803,1,IDLE,1.5,0.5,0.05,100.0
51.903,51.903,0,IDLE,0.5,0.5,0.05,100.0
51.903,51.903,1,IDLE,1.5,0.5,0.05,100.0
52.004,52.004,0,IDLE,0.5,0.5,0.05,100.0
52.004,52.004,1,IDLE,1.5,0.5,0.05,100.0
52.103,52.103,0,IDLE,0.5,0.5,0.05,100.0
52.103,52.103,1,IDLE,1.5,0.5,0.05,100.0
52.203,52.203,0,IDLE,0.5,0.5,0.05,100.0
52.203,52.203,1,IDLE,1.5,0.5,0.05,100.0
52.303,52.303,0,IDLE,0.5,0.5,0.05,100.0
52.303,52.303,1,IDLE,1.5,0.5,0.05,100.0
52.404,52.404,0,IDLE,0.5,0.5,0.05,100.0
52.404,52.404,1,IDLE,1.5,0.5,0.05,100.0
52.503,52.503,0,IDLE,0.5,0.5,0.05,100.0
52.503,52.503,1,IDLE,1.5,0.5,0.05,100.0
52.603,52.603,0,IDLE,0.5,0.5,0.05,100.0
52.603,52.603,1,IDLE,1.5,0.5,0.05,100.0
52.703,52.703,0,IDLE,0.5,0.5,0.05,100.0
52.703,52.703,1,IDLE,1.5,0.5,0.05,100.0
52.804,52.804,0,IDLE,0.5,0.5,0.05,100.0
52.804,52.804,1,IDLE,1.5,0.5,0.05,100.0
52.904,52.904,0,IDLE,0.5,0.5,0.05,100.0
52.904,52.904,1,IDLE,1.5,0.5,0.05,100.0
53.003,53.003,0,IDLE,0.5,0.5,0.05,100.0
53.003,53.003,1,IDLE,1.5,0.5,0.05,100.0
53.103,53.103,0,IDLE,0.5,0.5,0.05,100.0
53.103,53.103,1,IDLE,1.5,0.5,0.05,100.0
53.203,53.203,0,IDLE,0.5,0.5,0.05,100.0
53.203,53.203,1,IDLE,1.5,0.5,0.05,100.0
53.303,53.303,0,IDLE,0.5,0.5,0.05,100.0
53.303,53.303,1,IDLE,1.5,0.5,0.05,100.0
53.403,53.403,0,IDLE,0.5,0.5,0.05,100.0
53.403,53.403,1,IDLE,1.5,0.5,0.05,100.0
53.503,53.503,0,IDLE,0.5,0.5,0.05,100.0
53.503,53.503,1,IDLE,1.5,0.5,0.05,100.0
53.603,53.603,0,IDLE,0.5,0.5,0.05,100.0
53.603,53.603,1,IDLE,1.5,0.5,0.05,100.0
53.703,53.703,0,IDLE,0.5,0.5,0.05,100.0
53.703,53.703,1,IDLE,1.5,0.5,0.05,100.0
53.803,53.803,0,IDLE,0.5,0.5,0.05,100.0
53.803,53.803,1,IDLE,1.5,0.5,0.05,100.0
53.904,53.904,0,IDLE,0.5,0.5,0.05,100.0
53.904,53.904,1,IDLE,1.5,0.5,0.05,100.0
54.003,54.003,0,IDLE,0.5,0.5,0.05,100.0
54.003,54.003,1,IDLE,1.5,0.5,0.05,100.0
54.103,54.103,0,IDLE,0.5,0.5,0.05,100.0
54.103,54.103,1,IDLE,1.5,0.5,0.05,100.0
54.203,54.203,0,IDLE,0.5,0.5,0.05,100.0
54.203,54.203,1,IDLE,1.5,0.5,0.05,100.0
54.303,54.303,0,IDLE,0.5,0.5,0.05,100.0
54.303,54.303,1,IDLE,1.5,0.5,0.05,100.0
54.403,54.403,0,IDLE,0.5,0.5,0.05,100.0
54.403,54.403,1,IDLE,1.5,0.5,0.05,100.0
54.503,54.503,0,IDLE,0.5,0.5,0.05,100.0
54.503,54.503,1,IDLE,1.5,0.5,0.05,100.0
54.603,54.603,0,IDLE,0.5,0.5,0.05,100.0
54.603,54.603,1,IDLE,1.5,0.5,0.05,100.0
54.703,54.703,0,IDLE,0.5,0.5,0.05,100.0
54.703,54.703,1,IDLE,1.5,0.5,0.05,100.0
54.803,54.803,0,IDLE,0.5,0.5,0.05,100.0
54.803,54.803,1,IDLE,1.5,0.5,0.05,100.0
54.904,54.904,0,IDLE,0.5,0.5,0.05,100.0
54.904,54.904,1,IDLE,1.5,0.5,0.05,100.0
55.003,55.003,0,IDLE,0.5,0.5,0.05,100.0
55.003,55.003,1,IDLE,1.5,0.5,0.05,100.0
55.103,55.103,0,IDLE,0.5,0.5,0.05,100.0
55.103,55.103,1,IDLE,1.5,0.5,0.05,100.0
55.203,55.203,0,IDLE,0.5,0.5,0.05,100.0
55.203,55.203,1,IDLE,1.5,0.5,0.05,100.0
55.303,55.303,0,IDLE,0.5,0.5,0.05,100.0
55.303,55.303,1,IDLE,1.5,0.5,0.05,100.0
55.404,55.404,0,IDLE,0.5,0.5,0.05,100.0
55.404,55.404,1,IDLE,1.5,0.5,0.05,100.0
55.503,55.503,0,IDLE,0.5,0.5,0.05,100.0
55.503,55.503,1,IDLE,1.5,0.5,0.05,100.0
55.604,55.604,0,IDLE,0.5,0.5,0.05,100.0
55.604,55.604,1,IDLE,1.5,0.5,0.05,100.0
55.703,55.703,0,IDLE,0.5,0.5,0.05,100.0
55.703,55.703,1,IDLE,1.5,0.5,0.05,100.0
55.803,55.803,0,IDLE,0.5,0.5,0.05,100.0
55.803,55.803,1,IDLE,1.5,0.5,0.05,100.0
55.903,55.903,0,IDLE,0.5,0.5,0.05,100.0
55.903,55.903,1,IDLE,1.5,0.5,0.05,100.0
56.003,56.003,0,IDLE,0.5,0.5,0.05,100.0
56.003,56.003,1,IDLE,1.5,0.5,0.05,100.0
56.103,56.103,0,IDLE,0.5,0.5,0.05,100.0
56.103,56.103,1,IDLE,1.5,0.5,0.05,100.0
56.203,56.203,0,IDLE,0.5,0.5,0.05,100.0
56.203,56.203,1,IDLE,1.5,0.5,0.05,100.0
56.304,56.304,0,IDLE,0.5,0.5,0.05,100.0
56.304,56.304,1,IDLE,1.5,0.5,0.05,100.0
56.404,56.404,0,IDLE,0.5,0.5,0.05,100.0
56.404,56.404,1,IDLE,1.5,0.5,0.05,100.0
