time,D0_x,D0_y,D0_z,D0_state,D1_x,D1_y,D1_z,D1_state
1779372879.432,0.000,0.000,0.000,UNKNOWN,0.000,0.000,0.000,UNKNOWN
1779372879.532,0.000,0.000,0.000,UNKNOWN,0.000,0.000,0.000,UNKNOWN
1779372879.632,0.000,0.000,0.000,UNKNOWN,0.000,0.000,0.000,UNKNOWN
1779372879.732,0.000,0.000,0.000,UNKNOWN,0.000,0.000,0.000,UNKNOWN
1779372879.832,0.000,0.000,0.000,UNKNOWN,0.000,0.000,0.000,UNKNOWN
1779372879.932,0.000,0.000,0.000,UNKNOWN,0.000,0.000,0.000,UNKNOWN
1779372880.032,0.000,0.000,0.000,UNKNOWN,0.000,0.000,0.000,UNKNOWN
1779372880.132,0.000,0.000,0.000,UNKNOWN,0.000,0.000,0.000,UNKNOWN
1779372880.232,0.000,0.000,0.000,UNKNOWN,0.000,0.000,0.000,UNKNOWN
1779372880.332,0.000,0.000,0.000,UNKNOWN,0.000,0.000,0.000,UNKNOWN
1779372880.432,0.000,0.000,0.000,UNKNOWN,0.000,0.000,0.000,UNKNOWN
1779372880.532,0.000,0.000,0.000,UNKNOWN,0.000,0.000,0.000,UNKNOWN
1779372880.632,0.000,0.000,0.000,UNKNOWN,0.000,0.000,0.000,UNKNOWN
1779372880.733,0.000,0.000,0.000,UNKNOWN,0.000,0.000,0.000,UNKNOWN
1779372880.833,0.000,0.000,0.000,UNKNOWN,0.000,0.000,0.000,UNKNOWN
1779372880.932,0.000,0.000,0.000,UNKNOWN,0.000,0.000,0.000,UNKNOWN
1779372881.032,0.000,0.000,0.000,UNKNOWN,0.000,0.000,0.000,UNKNOWN
1779372881.132,0.000,0.000,0.000,UNKNOWN,0.000,0.000,0.000,UNKNOWN
1779372881.232,0.000,0.000,0.000,UNKNOWN,0.000,0.000,0.000,UNKNOWN
1779372881.332,0.000,0.000,0.000,UNKNOWN,0.000,0.000,0.000,UNKNOWN
1779372881.432,0.000,0.000,0.000,UNKNOWN,0.000,0.000,0.000,UNKNOWN
1779372881.532,0.000,0.000,0.000,UNKNOWN,0.000,0.000,0.000,UNKNOWN
1779372881.632,0.000,0.000,0.000,UNKNOWN,0.000,0.000,0.000,UNKNOWN
1779372881.733,0.000,0.000,0.000,UNKNOWN,0.000,0.000,0.000,UNKNOWN
1779372881.833,0.000,0.000,0.000,UNKNOWN,0.000,0.000,0.000,UNKNOWN
1779372881.933,0.000,0.000,0.000,UNKNOWN,0.000,0.000,0.000,UNKNOWN
1779372882.032,0.000,0.000,0.000,UNKNOWN,0.000,0.000,0.000,UNKNOWN
1779372882.133,0.000,0.000,0.000,UNKNOWN,0.000,0.000,0.000,UNKNOWN
1779372882.232,0.000,0.000,0.000,UNKNOWN,0.000,0.000,0.000,UNKNOWN
1779372882.332,0.000,0.000,0.000,UNKNOWN,0.000,0.000,0.000,UNKNOWN
1779372882.433,0.000,0.000,0.000,UNKNOWN,0.000,0.000,0.000,UNKNOWN
1779372882.532,0.000,0.000,0.000,UNKNOWN,0.000,0.000,0.000,UNKNOWN
1779372882.632,0.000,0.000,0.000,UNKNOWN,0.000,0.000,0.000,UNKNOWN
1779372882.733,0.000,0.000,0.000,UNKNOWN,0.000,0.000,0.000,UNKNOWN
1779372882.833,0.000,0.000,0.000,UNKNOWN,0.000,0.000,0.000,UNKNOWN
1779372882.932,0.000,0.000,0.000,UNKNOWN,0.000,0.000,0.000,UNKNOWN
1779372883.032,0.000,0.000,0.000,UNKNOWN,0.000,0.000,0.000,UNKNOWN
1779372883.132,0.000,0.000,0.000,UNKNOWN,0.000,0.000,0.000,UNKNOWN
1779372883.232,0.000,0.000,0.000,UNKNOWN,0.000,0.000,0.000,UNKNOWN
1779372883.333,0.000,0.000,0.000,UNKNOWN,0.000,0.000,0.000,UNKNOWN
1779372883.432,0.000,0.000,0.000,UNKNOWN,0.000,0.000,0.000,UNKNOWN
1779372883.532,0.000,0.000,0.000,UNKNOWN,0.000,0.000,0.000,UNKNOWN
1779372883.632,0.000,0.000,0.000,UNKNOWN,0.000,0.000,0.000,UNKNOWN
1779372883.732,0.000,0.000,0.000,UNKNOWN,0.000,0.000,0.000,UNKNOWN
1779372883.832,0.000,0.000,0.000,UNKNOWN,0.000,0.000,0.000,UNKNOWN
1779372883.932,0.000,0.000,0.000,UNKNOWN,0.000,0.000,0.000,UNKNOWN
1779372884.032,0.000,0.000,0.000,UNKNOWN,0.000,0.000,0.000,UNKNOWN
1779372884.133,0.000,0.000,0.000,UNKNOWN,0.000,0.000,0.000,UNKNOWN
1779372884.233,0.000,0.000,0.000,UNKNOWN,0.000,0.000,0.000,UNKNOWN
1779372884.333,0.000,0.000,0.000,UNKNOWN,0.000,0.000,0.000,UNKNOWN
1779372884.432,0.000,0.000,0.000,UNKNOWN,0.000,0.000,0.000,UNKNOWN
1779372884.532,0.000,0.000,0.000,UNKNOWN,0.000,0.000,0.000,UNKNOWN
1779372884.633,0.000,0.000,0.000,UNKNOWN,0.000,0.000,0.000,UNKNOWN
1779372884.732,0.000,0.000,0.000,UNKNOWN,0.000,0.000,0.000,UNKNOWN
1779372884.833,0.000,0.000,0.000,UNKNOWN,0.000,0.000,0.000,UNKNOWN
1779372884.933,0.000,0.000,0.000,UNKNOWN,0.000,0.000,0.000,UNKNOWN
1779372885.032,0.000,0.000,0.000,UNKNOWN,0.000,0.000,0.000,UNKNOWN
1779372885.132,0.000,0.000,0.000,UNKNOWN,0.000,0.000,0.000,UNKNOWN
1779372885.232,0.000,0.000,0.000,UNKNOWN,0.000,0.000,0.000,UNKNOWN
1779372885.333,0.000,0.000,0.000,UNKNOWN,0.000,0.000,0.000,UNKNOWN
1779372885.432,0.000,0.000,0.000,UNKNOWN,0.000,0.000,0.000,UNKNOWN
1779372885.533,0.000,0.000,0.000,UNKNOWN,0.000,0.000,0.000,UNKNOWN
1779372885.632,0.000,0.000,0.000,UNKNOWN,0.000,0.000,0.000,UNKNOWN
1779372885.732,0.000,0.000,0.000,UNKNOWN,0.000,0.000,0.000,UNKNOWN
1779372885.832,0.000,0.000,0.000,UNKNOWN,0.000,0.000,0.000,UNKNOWN
1779372885.932,0.000,0.000,0.000,UNKNOWN,0.000,0.000,0.000,UNKNOWN
1779372886.033,0.000,0.000,0.000,UNKNOWN,0.000,0.000,0.000,UNKNOWN
1779372886.132,0.000,0.000,0.000,UNKNOWN,0.000,0.000,0.000,UNKNOWN
1779372886.233,0.000,0.000,0.000,UNKNOWN,0.000,0.000,0.000,UNKNOWN
1779372886.332,0.000,0.000,0.000,UNKNOWN,0.000,0.000,0.000,UNKNOWN
1779372886.432,0.000,0.000,0.000,UNKNOWN,0.000,0.000,0.000,UNKNOWN
1779372886.533,0.000,0.000,0.000,UNKNOWN,0.000,0.000,0.000,UNKNOWN
1779372886.632,0.000,0.000,0.000,UNKNOWN,0.000,0.000,0.000,UNKNOWN
1779372886.732,0.000,0.000,0.000,UNKNOWN,0.000,0.000,0.000,UNKNOWN
1779372886.832,0.000,0.000,0.000,UNKNOWN,0.000,0.000,0.000,UNKNOWN
1779372886.932,0.000,0.000,0.000,UNKNOWN,0.000,0.000,0.000,UNKNOWN
1779372887.032,0.000,0.000,0.000,UNKNOWN,0.000,0.000,0.000,UNKNOWN
1779372887.132,0.000,0.000,0.000,UNKNOWN,0.000,0.000,0.000,UNKNOWN
1779372887.232,0.000,0.000,0.000,UNKNOWN,0.000,0.000,0.000,UNKNOWN
1779372887.332,0.000,0.000,0.000,UNKNOWN,0.000,0.000,0.000,UNKNOWN
1779372887.432,0.000,0.000,0.000,UNKNOWN,0.000,0.000,0.000,UNKNOWN
1779372887.532,0.000,0.000,0.000,UNKNOWN,0.000,0.000,0.000,UNKNOWN
1779372887.632,0.000,0.000,0.000,UNKNOWN,0.000,0.000,0.000,UNKNOWN
1779372887.732,0.000,0.000,0.000,UNKNOWN,0.000,0.000,0.000,UNKNOWN
1779372887.832,0.000,0.000,0.000,UNKNOWN,0.000,0.000,0.000,UNKNOWN
1779372887.932,0.000,0.000,0.000,UNKNOWN,0.000,0.000,0.000,UNKNOWN
1779372888.032,0.000,0.000,0.000,UNKNOWN,0.000,0.000,0.000,UNKNOWN
1779372888.132,0.000,0.000,0.000,UNKNOWN,0.000,0.000,0.000,UNKNOWN
1779372888.232,0.000,0.000,0.000,UNKNOWN,0.000,0.000,0.000,UNKNOWN
1779372888.332,0.000,0.000,0.000,UNKNOWN,0.000,0.000,0.000,UNKNOWN
1779372888.433,0.000,0.000,0.000,UNKNOWN,0.000,0.000,0.000,UNKNOWN
1779372888.532,0.000,0.000,0.000,UNKNOWN,0.000,0.000,0.000,UNKNOWN
1779372888.633,0.000,0.000,0.000,UNKNOWN,0.000,0.000,0.000,UNKNOWN
1779372888.733,0.000,0.000,0.000,UNKNOWN,0.000,0.000,0.000,UNKNOWN
1779372888.833,0.000,0.000,0.000,UNKNOWN,0.000,0.000,0.000,UNKNOWN
1779372888.932,0.000,0.000,0.000,UNKNOWN,0.000,0.000,0.000,UNKNOWN
1779372889.032,0.000,0.000,0.000,UNKNOWN,0.000,0.000,0.000,UNKNOWN
1779372889.132,0.000,0.000,0.000,UNKNOWN,0.000,0.000,0.000,UNKNOWN
1779372889.232,0.000,0.000,0.000,UNKNOWN,0.000,0.000,0.000,UNKNOWN
1779372889.332,0.000,0.000,0.000,UNKNOWN,0.000,0.000,0.000,UNKNOWN
1779372889.432,0.000,0.000,0.000,UNKNOWN,0.000,0.000,0.000,UNKNOWN
1779372889.532,0.000,0.000,0.000,UNKNOWN,0.000,0.000,0.000,UNKNOWN
1779372889.632,0.000,0.000,0.000,UNKNOWN,0.000,0.000,0.000,UNKNOWN
1779372889.732,0.000,0.000,0.000,UNKNOWN,0.000,0.000,0.000,UNKNOWN
1779372889.833,0.000,0.000,0.000,UNKNOWN,0.000,0.000,0.000,UNKNOWN
1779372889.933,0.000,0.000,0.000,UNKNOWN,0.000,0.000,0.000,UNKNOWN
1779372890.032,0.000,0.000,0.000,UNKNOWN,0.000,0.000,0.000,UNKNOWN
1779372890.133,0.000,0.000,0.000,UNKNOWN,0.000,0.000,0.000,UNKNOWN
1779372890.232,0.000,0.000,0.000,UNKNOWN,0.000,0.000,0.000,UNKNOWN
1779372890.332,0.000,0.000,0.000,UNKNOWN,0.000,0.000,0.000,UNKNOWN
1779372890.432,0.000,0.000,0.000,UNKNOWN,0.000,0.000,0.000,UNKNOWN
1779372890.532,0.000,0.000,0.000,UNKNOWN,0.000,0.000,0.000,UNKNOWN
1779372890.632,0.000,0.000,0.000,UNKNOWN,0.000,0.000,0.000,UNKNOWN
1779372890.732,0.000,0.000,0.000,UNKNOWN,0.000,0.000,0.000,UNKNOWN
1779372890.832,0.000,0.000,0.000,UNKNOWN,0.000,0.000,0.000,UNKNOWN
1779372890.932,0.000,0.000,0.000,UNKNOWN,0.000,0.000,0.000,UNKNOWN
1779372891.032,0.000,0.000,0.000,UNKNOWN,0.000,0.000,0.000,UNKNOWN
1779372891.133,0.000,0.000,0.000,UNKNOWN,0.000,0.000,0.000,UNKNOWN
1779372891.232,0.000,0.000,0.000,UNKNOWN,0.000,0.000,0.000,UNKNOWN
1779372891.332,0.000,0.000,0.000,UNKNOWN,0.000,0.000,0.000,UNKNOWN
1779372891.432,0.000,0.000,0.000,UNKNOWN,0.000,0.000,0.000,UNKNOWN
1779372891.533,0.000,0.000,0.000,UNKNOWN,0.000,0.000,0.000,UNKNOWN
1779372891.632,0.000,0.000,0.000,UNKNOWN,0.000,0.000,0.000,UNKNOWN
1779372891.733,0.000,0.000,0.000,UNKNOWN,0.000,0.000,0.000,UNKNOWN
1779372891.832,0.000,0.000,0.000,UNKNOWN,0.000,0.000,0.000,UNKNOWN
1779372891.933,0.000,0.000,0.000,UNKNOWN,0.000,0.000,0.000,UNKNOWN
1779372892.032,0.000,0.000,0.000,UNKNOWN,0.000,0.000,0.000,UNKNOWN
1779372892.133,0.000,0.000,0.000,UNKNOWN,0.000,0.000,0.000,UNKNOWN
1779372892.232,0.000,0.000,0.000,UNKNOWN,0.000,0.000,0.000,UNKNOWN
1779372892.332,0.000,0.000,0.000,UNKNOWN,0.000,0.000,0.000,UNKNOWN
1779372892.433,0.000,0.000,0.000,UNKNOWN,0.000,0.000,0.000,UNKNOWN
1779372892.532,0.000,0.000,0.000,UNKNOWN,0.000,0.000,0.000,UNKNOWN
1779372892.632,0.000,0.000,0.000,UNKNOWN,0.000,0.000,0.000,UNKNOWN
1779372892.732,0.000,0.000,0.000,UNKNOWN,0.000,0.000,0.000,UNKNOWN
1779372892.832,0.000,0.000,0.000,UNKNOWN,0.000,0.000,0.000,UNKNOWN
1779372892.933,0.000,0.000,0.000,UNKNOWN,0.000,0.000,0.000,UNKNOWN
1779372893.032,0.000,0.000,0.000,UNKNOWN,0.000,0.000,0.000,UNKNOWN
1779372893.133,0.000,0.000,0.000,UNKNOWN,0.000,0.000,0.000,UNKNOWN
1779372893.232,0.000,0.000,0.000,UNKNOWN,0.000,0.000,0.000,UNKNOWN
1779372893.332,0.000,0.000,0.000,UNKNOWN,0.000,0.000,0.000,UNKNOWN
1779372893.432,0.000,0.000,0.000,UNKNOWN,0.000,0.000,0.000,UNKNOWN
1779372893.532,0.000,0.000,0.000,UNKNOWN,0.000,0.000,0.000,UNKNOWN
1779372893.632,0.000,0.000,0.000,UNKNOWN,0.000,0.000,0.000,UNKNOWN
1779372893.732,0.000,0.000,0.000,UNKNOWN,0.000,0.000,0.000,UNKNOWN
1779372893.832,0.000,0.000,0.000,UNKNOWN,0.000,0.000,0.000,UNKNOWN
1779372893.932,0.000,0.000,0.000,UNKNOWN,0.000,0.000,0.000,UNKNOWN
1779372894.032,0.000,0.000,0.000,UNKNOWN,0.000,0.000,0.000,UNKNOWN
1779372894.132,0.000,0.000,0.000,UNKNOWN,0.000,0.000,0.000,UNKNOWN
1779372894.232,0.000,0.000,0.000,UNKNOWN,0.000,0.000,0.000,UNKNOWN
1779372894.332,0.000,0.000,0.000,UNKNOWN,0.000,0.000,0.000,UNKNOWN
1779372894.432,0.000,0.000,0.000,UNKNOWN,0.000,0.000,0.000,UNKNOWN
1779372894.532,0.000,0.000,0.000,UNKNOWN,0.000,0.000,0.000,UNKNOWN
1779372894.633,0.000,0.000,0.000,UNKNOWN,0.000,0.000,0.000,UNKNOWN
1779372894.732,0.000,0.000,0.000,UNKNOWN,0.000,0.000,0.000,UNKNOWN
1779372894.832,0.000,0.000,0.000,UNKNOWN,0.000,0.000,0.000,UNKNOWN
1779372894.932,0.000,0.000,0.000,UNKNOWN,0.000,0.000,0.000,UNKNOWN
1779372895.032,0.000,0.000,0.000,UNKNOWN,0.000,0.000,0.000,UNKNOWN
1779372895.132,0.000,0.000,0.000,UNKNOWN,0.000,0.000,0.000,UNKNOWN
1779372895.232,0.000,0.000,0.000,UNKNOWN,0.000,0.000,0.000,UNKNOWN
1779372895.332,0.000,0.000,0.000,UNKNOWN,0.000,0.000,0.000,UNKNOWN
1779372895.433,0.000,0.000,0.000,UNKNOWN,0.000,0.000,0.000,UNKNOWN
1779372895.532,0.000,0.000,0.000,UNKNOWN,0.000,0.000,0.000,UNKNOWN
1779372895.632,0.000,0.000,0.000,UNKNOWN,0.000,0.000,0.000,UNKNOWN
1779372895.732,0.000,0.000,0.000,UNKNOWN,0.000,0.000,0.000,UNKNOWN
1779372895.832,0.000,0.000,0.000,UNKNOWN,0.000,0.000,0.000,UNKNOWN
1779372895.933,0.000,0.000,0.000,UNKNOWN,0.000,0.000,0.000,UNKNOWN
1779372896.032,0.000,0.000,0.000,UNKNOWN,0.000,0.000,0.000,UNKNOWN
1779372896.132,0.000,0.000,0.000,UNKNOWN,0.000,0.000,0.000,UNKNOWN
1779372896.232,0.000,0.000,0.000,UNKNOWN,0.000,0.000,0.000,UNKNOWN
1779372896.332,0.000,0.000,0.000,UNKNOWN,0.000,0.000,0.000,UNKNOWN
1779372896.432,0.000,0.000,0.000,UNKNOWN,0.000,0.000,0.000,UNKNOWN
1779372896.532,0.000,0.000,0.000,UNKNOWN,0.000,0.000,0.000,UNKNOWN
1779372896.632,0.000,0.000,0.000,UNKNOWN,0.000,0.000,0.000,UNKNOWN
1779372896.733,0.000,0.000,0.000,UNKNOWN,0.000,0.000,0.000,UNKNOWN
1779372896.832,0.000,0.000,0.000,UNKNOWN,0.000,0.000,0.000,UNKNOWN
1779372896.932,0.000,0.000,0.000,UNKNOWN,0.000,0.000,0.000,UNKNOWN
1779372897.032,0.000,0.000,0.000,UNKNOWN,0.000,0.000,0.000,UNKNOWN
1779372897.132,0.000,0.000,0.000,UNKNOWN,0.000,0.000,0.000,UNKNOWN
1779372897.232,0.000,0.000,0.000,UNKNOWN,0.000,0.000,0.000,UNKNOWN
1779372897.332,0.000,0.000,0.000,UNKNOWN,0.000,0.000,0.000,UNKNOWN
1779372897.432,0.000,0.000,0.000,UNKNOWN,0.000,0.000,0.000,UNKNOWN
1779372897.532,0.000,0.000,0.000,UNKNOWN,0.000,0.000,0.000,UNKNOWN
1779372897.632,0.000,0.000,0.000,UNKNOWN,0.000,0.000,0.000,UNKNOWN
1779372897.732,0.000,0.000,0.000,UNKNOWN,0.000,0.000,0.000,UNKNOWN
1779372897.832,0.000,0.000,0.000,UNKNOWN,0.000,0.000,0.000,UNKNOWN
1779372897.932,0.000,0.000,0.000,UNKNOWN,0.000,0.000,0.000,UNKNOWN
1779372898.032,0.000,0.000,0.000,UNKNOWN,0.000,0.000,0.000,UNKNOWN
1779372898.132,0.000,0.000,0.000,UNKNOWN,0.000,0.000,0.000,UNKNOWN
1779372898.232,0.000,0.000,0.000,UNKNOWN,0.000,0.000,0.000,UNKNOWN
1779372898.332,0.000,0.000,0.000,UNKNOWN,0.000,0.000,0.000,UNKNOWN
1779372898.432,0.000,0.000,0.000,UNKNOWN,0.000,0.000,0.000,UNKNOWN
1779372898.532,0.000,0.000,0.000,UNKNOWN,0.000,0.000,0.000,UNKNOWN
1779372898.632,0.000,0.000,0.000,UNKNOWN,0.000,0.000,0.000,UNKNOWN
1779372898.732,0.000,0.000,0.000,UNKNOWN,0.000,0.000,0.000,UNKNOWN
1779372898.832,0.000,0.000,0.000,UNKNOWN,0.000,0.000,0.000,UNKNOWN
1779372898.932,0.000,0.000,0.000,UNKNOWN,0.000,0.000,0.000,UNKNOWN
1779372899.032,0.000,0.000,0.000,UNKNOWN,0.000,0.000,0.000,UNKNOWN
1779372899.132,0.000,0.000,0.000,UNKNOWN,0.000,0.000,0.000,UNKNOWN
1779372899.232,0.000,0.000,0.000,UNKNOWN,0.000,0.000,0.000,UNKNOWN
1779372899.333,0.000,0.000,0.000,UNKNOWN,0.000,0.000,0.000,UNKNOWN
1779372899.432,0.000,0.000,0.000,UNKNOWN,0.000,0.000,0.000,UNKNOWN
1779372899.532,0.000,0.000,0.000,UNKNOWN,0.000,0.000,0.000,UNKNOWN
1779372899.633,0.000,0.000,0.000,UNKNOWN,0.000,0.000,0.000,UNKNOWN
1779372899.732,0.000,0.000,0.000,UNKNOWN,0.000,0.000,0.000,UNKNOWN
1779372899.832,0.000,0.000,0.000,UNKNOWN,0.000,0.000,0.000,UNKNOWN
1779372899.932,0.000,0.000,0.000,UNKNOWN,0.000,0.000,0.000,UNKNOWN
1779372900.032,0.000,0.000,0.000,UNKNOWN,0.000,0.000,0.000,UNKNOWN
1779372900.132,0.000,0.000,0.000,UNKNOWN,0.000,0.000,0.000,UNKNOWN
1779372900.232,0.000,0.000,0.000,UNKNOWN,0.000,0.000,0.000,UNKNOWN
1779372900.332,0.000,0.000,0.000,UNKNOWN,0.000,0.000,0.000,UNKNOWN
1779372900.432,0.000,0.000,0.000,UNKNOWN,0.000,0.000,0.000,UNKNOWN
1779372900.532,0.000,0.000,0.000,UNKNOWN,0.000,0.000,0.000,UNKNOWN
1779372900.632,0.000,0.000,0.000,UNKNOWN,0.000,0.000,0.000,UNKNOWN
1779372900.732,0.000,0.000,0.000,UNKNOWN,0.000,0.000,0.000,UNKNOWN
1779372900.832,0.000,0.000,0.000,UNKNOWN,0.000,0.000,0.000,UNKNOWN
1779372900.933,0.000,0.000,0.000,UNKNOWN,0.000,0.000,0.000,UNKNOWN
1779372901.032,0.000,0.000,0.000,UNKNOWN,0.000,0.000,0.000,UNKNOWN
1779372901.133,0.000,0.000,0.000,UNKNOWN,0.000,0.000,0.000,UNKNOWN
1779372901.233,0.000,0.000,0.000,UNKNOWN,0.000,0.000,0.000,UNKNOWN
1779372901.332,0.000,0.000,0.000,UNKNOWN,0.000,0.000,0.000,UNKNOWN
1779372901.432,0.000,0.000,0.000,UNKNOWN,0.000,0.000,0.000,UNKNOWN
1779372901.532,0.000,0.000,0.000,UNKNOWN,0.000,0.000,0.000,UNKNOWN
1779372901.632,0.000,0.000,0.000,UNKNOWN,0.000,0.000,0.000,UNKNOWN
1779372901.733,0.000,0.000,0.000,UNKNOWN,0.000,0.000,0.000,UNKNOWN
1779372901.833,0.000,0.000,0.000,UNKNOWN,0.000,0.000,0.000,UNKNOWN
1779372901.932,0.000,0.000,0.000,UNKNOWN,0.000,0.000,0.000,UNKNOWN
1779372902.032,0.000,0.000,0.000,UNKNOWN,0.000,0.000,0.000,UNKNOWN
1779372902.133,0.000,0.000,0.000,UNKNOWN,0.000,0.000,0.000,UNKNOWN
1779372902.233,0.000,0.000,0.000,UNKNOWN,0.000,0.000,0.000,UNKNOWN
1779372902.332,0.000,0.000,0.000,UNKNOWN,0.000,0.000,0.000,UNKNOWN
1779372902.433,0.000,0.000,0.000,UNKNOWN,0.000,0.000,0.000,UNKNOWN
1779372902.533,0.000,0.000,0.000,UNKNOWN,0.000,0.000,0.000,UNKNOWN
1779372902.632,0.000,0.000,0.000,UNKNOWN,0.000,0.000,0.000,UNKNOWN
1779372902.732,0.000,0.000,0.000,UNKNOWN,0.000,0.000,0.000,UNKNOWN
1779372902.833,0.000,0.000,0.000,UNKNOWN,0.000,0.000,0.000,UNKNOWN
1779372902.932,0.000,0.000,0.000,UNKNOWN,0.000,0.000,0.000,UNKNOWN
1779372903.033,0.000,0.000,0.000,UNKNOWN,0.000,0.000,0.000,UNKNOWN
1779372903.132,0.000,0.000,0.000,UNKNOWN,0.000,0.000,0.000,UNKNOWN
1779372903.232,0.000,0.000,0.000,UNKNOWN,0.000,0.000,0.000,UNKNOWN
1779372903.332,0.000,0.000,0.000,UNKNOWN,0.000,0.000,0.000,UNKNOWN
1779372903.433,0.000,0.000,0.000,UNKNOWN,0.000,0.000,0.000,UNKNOWN
1779372903.532,0.000,0.000,0.000,UNKNOWN,0.000,0.000,0.000,UNKNOWN
1779372903.633,0.000,0.000,0.000,UNKNOWN,0.000,0.000,0.000,UNKNOWN
1779372903.732,0.000,0.000,0.000,UNKNOWN,0.000,0.000,0.000,UNKNOWN
1779372903.832,0.000,0.000,0.000,UNKNOWN,0.000,0.000,0.000,UNKNOWN
1779372903.932,0.000,0.000,0.000,UNKNOWN,0.000,0.000,0.000,UNKNOWN
1779372904.032,0.000,0.000,0.000,UNKNOWN,0.000,0.000,0.000,UNKNOWN
1779372904.133,0.000,0.000,0.000,UNKNOWN,0.000,0.000,0.000,UNKNOWN
1779372904.233,0.000,0.000,0.000,UNKNOWN,0.000,0.000,0.000,UNKNOWN
1779372904.332,0.000,0.000,0.000,UNKNOWN,0.000,0.000,0.000,UNKNOWN
1779372904.432,0.000,0.000,0.000,UNKNOWN,0.000,0.000,0.000,UNKNOWN
1779372904.532,0.000,0.000,0.000,UNKNOWN,0.000,0.000,0.000,UNKNOWN
1779372904.632,0.000,0.000,0.000,UNKNOWN,0.000,0.000,0.000,UNKNOWN
1779372904.732,0.000,0.000,0.000,UNKNOWN,0.000,0.000,0.000,UNKNOWN
1779372904.832,0.000,0.000,0.000,UNKNOWN,0.000,0.000,0.000,UNKNOWN
1779372904.932,0.000,0.000,0.000,UNKNOWN,0.000,0.000,0.000,UNKNOWN
1779372905.032,0.000,0.000,0.000,UNKNOWN,0.000,0.000,0.000,UNKNOWN
1779372905.132,0.000,0.000,0.000,UNKNOWN,0.000,0.000,0.000,UNKNOWN
1779372905.232,0.000,0.000,0.000,UNKNOWN,0.000,0.000,0.000,UNKNOWN
1779372905.332,0.000,0.000,0.000,UNKNOWN,0.000,0.000,0.000,UNKNOWN
1779372905.432,0.000,0.000,0.000,UNKNOWN,0.000,0.000,0.000,UNKNOWN
1779372905.532,0.000,0.000,0.000,UNKNOWN,0.000,0.000,0.000,UNKNOWN
1779372905.633,0.000,0.000,0.000,UNKNOWN,0.000,0.000,0.000,UNKNOWN
1779372905.732,0.000,0.000,0.000,UNKNOWN,0.000,0.000,0.000,UNKNOWN
1779372905.832,0.000,0.000,0.000,UNKNOWN,0.000,0.000,0.000,UNKNOWN
1779372905.932,0.000,0.000,0.000,UNKNOWN,0.000,0.000,0.000,UNKNOWN
1779372906.032,0.000,0.000,0.000,UNKNOWN,0.000,0.000,0.000,UNKNOWN
1779372906.132,0.000,0.000,0.000,UNKNOWN,0.000,0.000,0.000,UNKNOWN
1779372906.232,0.000,0.000,0.000,UNKNOWN,0.000,0.000,0.000,UNKNOWN
1779372906.332,0.000,0.000,0.000,UNKNOWN,0.000,0.000,0.000,UNKNOWN
1779372906.432,0.000,0.000,0.000,UNKNOWN,0.000,0.000,0.000,UNKNOWN
1779372906.532,0.000,0.000,0.000,UNKNOWN,0.000,0.000,0.000,UNKNOWN
1779372906.632,0.000,0.000,0.000,UNKNOWN,0.000,0.000,0.000,UNKNOWN
1779372906.732,0.000,0.000,0.000,UNKNOWN,0.000,0.000,0.000,UNKNOWN
1779372906.832,0.000,0.000,0.000,UNKNOWN,0.000,0.000,0.000,UNKNOWN
1779372906.932,0.000,0.000,0.000,UNKNOWN,0.000,0.000,0.000,UNKNOWN
1779372907.032,0.000,0.000,0.000,UNKNOWN,0.000,0.000,0.000,UNKNOWN
1779372907.132,0.000,0.000,0.000,UNKNOWN,0.000,0.000,0.000,UNKNOWN
1779372907.232,0.000,0.000,0.000,UNKNOWN,0.000,0.000,0.000,UNKNOWN
1779372907.332,0.000,0.000,0.000,UNKNOWN,0.000,0.000,0.000,UNKNOWN
1779372907.432,0.000,0.000,0.000,UNKNOWN,0.000,0.000,0.000,UNKNOWN
1779372907.532,0.000,0.000,0.000,UNKNOWN,0.000,0.000,0.000,UNKNOWN
1779372907.632,0.000,0.000,0.000,UNKNOWN,0.000,0.000,0.000,UNKNOWN
1779372907.733,0.000,0.000,0.000,UNKNOWN,0.000,0.000,0.000,UNKNOWN
1779372907.832,0.000,0.000,0.000,UNKNOWN,0.000,0.000,0.000,UNKNOWN
1779372907.932,0.000,0.000,0.000,UNKNOWN,0.000,0.000,0.000,UNKNOWN
1779372908.032,0.000,0.000,0.000,UNKNOWN,0.000,0.000,0.000,UNKNOWN
1779372908.132,0.000,0.000,0.000,UNKNOWN,0.000,0.000,0.000,UNKNOWN
1779372908.232,0.000,0.000,0.000,UNKNOWN,0.000,0.000,0.000,UNKNOWN
1779372908.332,0.000,0.000,0.000,UNKNOWN,0.000,0.000,0.000,UNKNOWN
1779372908.432,0.000,0.000,0.000,UNKNOWN,0.000,0.000,0.000,UNKNOWN
1779372908.532,0.000,0.000,0.000,UNKNOWN,0.000,0.000,0.000,UNKNOWN
1779372908.632,0.000,0.000,0.000,UNKNOWN,0.000,0.000,0.000,UNKNOWN
1779372908.732,0.000,0.000,0.000,UNKNOWN,0.000,0.000,0.000,UNKNOWN
1779372908.832,0.000,0.000,0.000,UNKNOWN,0.000,0.000,0.000,UNKNOWN
1779372908.932,0.000,0.000,0.000,UNKNOWN,0.000,0.000,0.000,UNKNOWN
1779372909.032,0.000,0.000,0.000,UNKNOWN,0.000,0.000,0.000,UNKNOWN
1779372909.132,0.000,0.000,0.000,UNKNOWN,0.000,0.000,0.000,UNKNOWN
1779372909.232,0.000,0.000,0.000,UNKNOWN,0.000,0.000,0.000,UNKNOWN
1779372909.332,0.000,0.000,0.000,UNKNOWN,0.000,0.000,0.000,UNKNOWN
1779372909.432,0.000,0.000,0.000,UNKNOWN,0.000,0.000,0.000,UNKNOWN
1779372909.532,0.000,0.000,0.000,UNKNOWN,0.000,0.000,0.000,UNKNOWN
1779372909.632,0.000,0.000,0.000,UNKNOWN,0.000,0.000,0.000,UNKNOWN
1779372909.733,0.000,0.000,0.000,UNKNOWN,0.000,0.000,0.000,UNKNOWN
1779372909.832,0.000,0.000,0.000,UNKNOWN,0.000,0.000,0.000,UNKNOWN
1779372909.932,0.000,0.000,0.000,UNKNOWN,0.000,0.000,0.000,UNKNOWN
1779372910.033,0.000,0.000,0.000,UNKNOWN,0.000,0.000,0.000,UNKNOWN
1779372910.132,0.000,0.000,0.000,UNKNOWN,0.000,0.000,0.000,UNKNOWN
1779372910.233,0.000,0.000,0.000,UNKNOWN,0.000,0.000,0.000,UNKNOWN
1779372910.333,0.000,0.000,0.000,UNKNOWN,0.000,0.000,0.000,UNKNOWN
1779372910.432,0.000,0.000,0.000,UNKNOWN,0.000,0.000,0.000,UNKNOWN
1779372910.532,0.000,0.000,0.000,UNKNOWN,0.000,0.000,0.000,UNKNOWN
1779372910.632,0.000,0.000,0.000,UNKNOWN,0.000,0.000,0.000,UNKNOWN
1779372910.732,0.000,0.000,0.000,UNKNOWN,0.000,0.000,0.000,UNKNOWN
1779372910.832,0.000,0.000,0.000,UNKNOWN,0.000,0.000,0.000,UNKNOWN
1779372910.933,0.000,0.000,0.000,UNKNOWN,0.000,0.000,0.000,UNKNOWN
1779372911.032,0.000,0.000,0.000,UNKNOWN,0.000,0.000,0.000,UNKNOWN
1779372911.132,0.000,0.000,0.000,UNKNOWN,0.000,0.000,0.000,UNKNOWN
1779372911.233,0.000,0.000,0.000,UNKNOWN,0.000,0.000,0.000,UNKNOWN
1779372911.332,0.000,0.000,0.000,UNKNOWN,0.000,0.000,0.000,UNKNOWN
1779372911.432,0.000,0.000,0.000,UNKNOWN,0.000,0.000,0.000,UNKNOWN
1779372911.532,0.000,0.000,0.000,UNKNOWN,0.000,0.000,0.000,UNKNOWN
1779372911.632,0.000,0.000,0.000,UNKNOWN,0.000,0.000,0.000,UNKNOWN
1779372911.732,0.000,0.000,0.000,UNKNOWN,0.000,0.000,0.000,UNKNOWN
1779372911.832,0.000,0.000,0.000,UNKNOWN,0.000,0.000,0.000,UNKNOWN
1779372911.932,0.000,0.000,0.000,UNKNOWN,0.000,0.000,0.000,UNKNOWN
1779372912.032,0.000,0.000,0.000,UNKNOWN,0.000,0.000,0.000,UNKNOWN
1779372912.132,0.000,0.000,0.000,UNKNOWN,0.000,0.000,0.000,UNKNOWN
1779372912.232,0.000,0.000,0.000,UNKNOWN,0.000,0.000,0.000,UNKNOWN
1779372912.332,0.000,0.000,0.000,UNKNOWN,0.000,0.000,0.000,UNKNOWN
1779372912.432,0.000,0.000,0.000,UNKNOWN,0.000,0.000,0.000,UNKNOWN
1779372912.532,0.000,0.000,0.000,UNKNOWN,0.000,0.000,0.000,UNKNOWN
1779372912.632,0.000,0.000,0.000,UNKNOWN,0.000,0.000,0.000,UNKNOWN
1779372912.732,0.000,0.000,0.000,UNKNOWN,0.000,0.000,0.000,UNKNOWN
1779372912.832,0.000,0.000,0.000,UNKNOWN,0.000,0.000,0.000,UNKNOWN
1779372912.932,0.000,0.000,0.000,UNKNOWN,0.000,0.000,0.000,UNKNOWN
1779372913.032,0.000,0.000,0.000,UNKNOWN,0.000,0.000,0.000,UNKNOWN
1779372913.133,0.000,0.000,0.000,UNKNOWN,0.000,0.000,0.000,UNKNOWN
1779372913.233,0.000,0.000,0.000,UNKNOWN,0.000,0.000,0.000,UNKNOWN
1779372913.332,0.000,0.000,0.000,UNKNOWN,0.000,0.000,0.000,UNKNOWN
1779372913.432,0.000,0.000,0.000,UNKNOWN,0.000,0.000,0.000,UNKNOWN
1779372913.532,0.000,0.000,0.000,UNKNOWN,0.000,0.000,0.000,UNKNOWN
1779372913.632,0.000,0.000,0.000,UNKNOWN,0.000,0.000,0.000,UNKNOWN
1779372913.732,0.000,0.000,0.000,UNKNOWN,0.000,0.000,0.000,UNKNOWN
1779372913.832,0.000,0.000,0.000,UNKNOWN,0.000,0.000,0.000,UNKNOWN
1779372913.932,0.000,0.000,0.000,UNKNOWN,0.000,0.000,0.000,UNKNOWN
1779372914.033,0.000,0.000,0.000,UNKNOWN,0.000,0.000,0.000,UNKNOWN
1779372914.132,0.000,0.000,0.000,UNKNOWN,0.000,0.000,0.000,UNKNOWN
1779372914.232,0.000,0.000,0.000,UNKNOWN,0.000,0.000,0.000,UNKNOWN
1779372914.332,0.000,0.000,0.000,UNKNOWN,0.000,0.000,0.000,UNKNOWN
1779372914.432,0.000,0.000,0.000,UNKNOWN,0.000,0.000,0.000,UNKNOWN
1779372914.532,0.000,0.000,0.000,UNKNOWN,0.000,0.000,0.000,UNKNOWN
1779372914.632,0.000,0.000,0.000,UNKNOWN,0.000,0.000,0.000,UNKNOWN
1779372914.732,0.000,0.000,0.000,UNKNOWN,0.000,0.000,0.000,UNKNOWN
1779372914.833,0.000,0.000,0.000,UNKNOWN,0.000,0.000,0.000,UNKNOWN
1779372914.933,0.000,0.000,0.000,UNKNOWN,0.000,0.000,0.000,UNKNOWN
1779372915.032,0.000,0.000,0.000,UNKNOWN,0.000,0.000,0.000,UNKNOWN
1779372915.132,0.000,0.000,0.000,UNKNOWN,0.000,0.000,0.000,UNKNOWN
1779372915.232,0.000,0.000,0.000,UNKNOWN,0.000,0.000,0.000,UNKNOWN
1779372915.332,0.000,0.000,0.000,UNKNOWN,0.000,0.000,0.000,UNKNOWN
1779372915.432,0.000,0.000,0.000,UNKNOWN,0.000,0.000,0.000,UNKNOWN
1779372915.532,0.000,0.000,0.000,UNKNOWN,0.000,0.000,0.000,UNKNOWN
1779372915.632,0.000,0.000,0.000,UNKNOWN,0.000,0.000,0.000,UNKNOWN
1779372915.732,0.000,0.000,0.000,UNKNOWN,0.000,0.000,0.000,UNKNOWN
1779372915.832,0.000,0.000,0.000,UNKNOWN,0.000,0.000,0.000,UNKNOWN
1779372915.932,0.000,0.000,0.000,UNKNOWN,0.000,0.000,0.000,UNKNOWN
1779372916.032,0.000,0.000,0.000,UNKNOWN,0.000,0.000,0.000,UNKNOWN
1779372916.132,0.000,0.000,0.000,UNKNOWN,0.000,0.000,0.000,UNKNOWN
1779372916.232,0.000,0.000,0.000,UNKNOWN,0.000,0.000,0.000,UNKNOWN
1779372916.332,0.000,0.000,0.000,UNKNOWN,0.000,0.000,0.000,UNKNOWN
1779372916.432,0.000,0.000,0.000,UNKNOWN,0.000,0.000,0.000,UNKNOWN
1779372916.532,0.000,0.000,0.000,UNKNOWN,0.000,0.000,0.000,UNKNOWN
1779372916.632,0.000,0.000,0.000,UNKNOWN,0.000,0.000,0.000,UNKNOWN
1779372916.732,0.000,0.000,0.000,UNKNOWN,0.000,0.000,0.000,UNKNOWN
1779372916.833,0.000,0.000,0.000,UNKNOWN,0.000,0.000,0.000,UNKNOWN
1779372916.932,0.000,0.000,0.000,UNKNOWN,0.000,0.000,0.000,UNKNOWN
1779372917.032,0.000,0.000,0.000,UNKNOWN,0.000,0.000,0.000,UNKNOWN
1779372917.132,0.000,0.000,0.000,UNKNOWN,0.000,0.000,0.000,UNKNOWN
1779372917.232,0.000,0.000,0.000,UNKNOWN,0.000,0.000,0.000,UNKNOWN
1779372917.332,0.000,0.000,0.000,UNKNOWN,0.000,0.000,0.000,UNKNOWN
1779372917.432,0.000,0.000,0.000,UNKNOWN,0.000,0.000,0.000,UNKNOWN
1779372917.532,0.000,0.000,0.000,UNKNOWN,0.000,0.000,0.000,UNKNOWN
1779372917.632,0.000,0.000,0.000,UNKNOWN,0.000,0.000,0.000,UNKNOWN
1779372917.732,0.000,0.000,0.000,UNKNOWN,0.000,0.000,0.000,UNKNOWN
1779372917.832,0.000,0.000,0.000,UNKNOWN,0.000,0.000,0.000,UNKNOWN
1779372917.932,0.000,0.000,0.000,UNKNOWN,0.000,0.000,0.000,UNKNOWN
1779372918.032,0.000,0.000,0.000,UNKNOWN,0.000,0.000,0.000,UNKNOWN
1779372918.132,0.000,0.000,0.000,UNKNOWN,0.000,0.000,0.000,UNKNOWN
1779372918.232,0.000,0.000,0.000,UNKNOWN,0.000,0.000,0.000,UNKNOWN
1779372918.332,0.000,0.000,0.000,UNKNOWN,0.000,0.000,0.000,UNKNOWN
1779372918.432,0.000,0.000,0.000,UNKNOWN,0.000,0.000,0.000,UNKNOWN
1779372918.532,0.000,0.000,0.000,UNKNOWN,0.000,0.000,0.000,UNKNOWN
1779372918.632,0.000,0.000,0.000,UNKNOWN,0.000,0.000,0.000,UNKNOWN
1779372918.732,0.000,0.000,0.000,UNKNOWN,0.000,0.000,0.000,UNKNOWN
1779372918.833,0.000,0.000,0.000,UNKNOWN,0.000,0.000,0.000,UNKNOWN
1779372918.932,0.000,0.000,0.000,UNKNOWN,0.000,0.000,0.000,UNKNOWN
1779372919.032,0.000,0.000,0.000,UNKNOWN,0.000,0.000,0.000,UNKNOWN
1779372919.132,0.000,0.000,0.000,UNKNOWN,0.000,0.000,0.000,UNKNOWN
1779372919.232,0.000,0.000,0.000,UNKNOWN,0.000,0.000,0.000,UNKNOWN
1779372919.332,0.000,0.000,0.000,UNKNOWN,0.000,0.000,0.000,UNKNOWN
1779372919.432,0.000,0.000,0.000,UNKNOWN,0.000,0.000,0.000,UNKNOWN
1779372919.533,0.000,0.000,0.000,UNKNOWN,0.000,0.000,0.000,UNKNOWN
1779372919.632,0.000,0.000,0.000,UNKNOWN,0.000,0.000,0.000,UNKNOWN
1779372919.732,0.000,0.000,0.000,UNKNOWN,0.000,0.000,0.000,UNKNOWN
1779372919.832,0.000,0.000,0.000,UNKNOWN,0.000,0.000,0.000,UNKNOWN
1779372919.932,0.000,0.000,0.000,UNKNOWN,0.000,0.000,0.000,UNKNOWN
1779372920.032,0.000,0.000,0.000,UNKNOWN,0.000,0.000,0.000,UNKNOWN
1779372920.132,0.000,0.000,0.000,UNKNOWN,0.000,0.000,0.000,UNKNOWN
1779372920.232,0.000,0.000,0.000,UNKNOWN,0.000,0.000,0.000,UNKNOWN
1779372920.332,0.000,0.000,0.000,UNKNOWN,0.000,0.000,0.000,UNKNOWN
1779372920.433,0.000,0.000,0.000,UNKNOWN,0.000,0.000,0.000,UNKNOWN
1779372920.532,0.000,0.000,0.000,UNKNOWN,0.000,0.000,0.000,UNKNOWN
1779372920.633,0.000,0.000,0.000,UNKNOWN,0.000,0.000,0.000,UNKNOWN
1779372920.732,0.000,0.000,0.000,UNKNOWN,0.000,0.000,0.000,UNKNOWN
1779372920.832,0.000,0.000,0.000,UNKNOWN,0.000,0.000,0.000,UNKNOWN
1779372920.932,0.000,0.000,0.000,UNKNOWN,0.000,0.000,0.000,UNKNOWN
1779372921.032,0.000,0.000,0.000,UNKNOWN,0.000,0.000,0.000,UNKNOWN
1779372921.132,0.000,0.000,0.000,UNKNOWN,0.000,0.000,0.000,UNKNOWN
1779372921.232,0.000,0.000,0.000,UNKNOWN,0.000,0.000,0.000,UNKNOWN
1779372921.332,0.000,0.000,0.000,UNKNOWN,0.000,0.000,0.000,UNKNOWN
1779372921.432,0.000,0.000,0.000,UNKNOWN,0.000,0.000,0.000,UNKNOWN
1779372921.532,0.000,0.000,0.000,UNKNOWN,0.000,0.000,0.000,UNKNOWN
1779372921.632,0.000,0.000,0.000,UNKNOWN,0.000,0.000,0.000,UNKNOWN
1779372921.732,0.000,0.000,0.000,UNKNOWN,0.000,0.000,0.000,UNKNOWN
1779372921.833,0.000,0.000,0.000,UNKNOWN,0.000,0.000,0.000,UNKNOWN
1779372921.932,0.000,0.000,0.000,UNKNOWN,0.000,0.000,0.000,UNKNOWN
1779372922.032,0.000,0.000,0.000,UNKNOWN,0.000,0.000,0.000,UNKNOWN
1779372922.132,0.000,0.000,0.000,UNKNOWN,0.000,0.000,0.000,UNKNOWN
1779372922.233,0.000,0.000,0.000,UNKNOWN,0.000,0.000,0.000,UNKNOWN
1779372922.332,0.000,0.000,0.000,UNKNOWN,0.000,0.000,0.000,UNKNOWN
1779372922.432,0.000,0.000,0.000,UNKNOWN,0.000,0.000,0.000,UNKNOWN
1779372922.532,0.000,0.000,0.000,UNKNOWN,0.000,0.000,0.000,UNKNOWN
1779372922.633,0.000,0.000,0.000,UNKNOWN,0.000,0.000,0.000,UNKNOWN
1779372922.732,0.000,0.000,0.000,UNKNOWN,0.000,0.000,0.000,UNKNOWN
1779372922.832,0.000,0.000,0.000,UNKNOWN,0.000,0.000,0.000,UNKNOWN
1779372922.933,0.000,0.000,0.000,UNKNOWN,0.000,0.000,0.000,UNKNOWN
1779372923.033,0.000,0.000,0.000,UNKNOWN,0.000,0.000,0.000,UNKNOWN
1779372923.132,0.000,0.000,0.000,UNKNOWN,0.000,0.000,0.000,UNKNOWN
1779372923.232,0.000,0.000,0.000,UNKNOWN,0.000,0.000,0.000,UNKNOWN
1779372923.332,0.000,0.000,0.000,UNKNOWN,0.000,0.000,0.000,UNKNOWN
1779372923.432,0.000,0.000,0.000,UNKNOWN,0.000,0.000,0.000,UNKNOWN
1779372923.532,0.000,0.000,0.000,UNKNOWN,0.000,0.000,0.000,UNKNOWN
1779372923.632,0.000,0.000,0.000,UNKNOWN,0.000,0.000,0.000,UNKNOWN
1779372923.732,0.000,0.000,0.000,UNKNOWN,0.000,0.000,0.000,UNKNOWN
1779372923.832,0.000,0.000,0.000,UNKNOWN,0.000,0.000,0.000,UNKNOWN
1779372923.932,0.000,0.000,0.000,UNKNOWN,0.000,0.000,0.000,UNKNOWN
1779372924.032,0.000,0.000,0.000,UNKNOWN,0.000,0.000,0.000,UNKNOWN
1779372924.132,0.000,0.000,0.000,UNKNOWN,0.000,0.000,0.000,UNKNOWN
1779372924.233,0.000,0.000,0.000,UNKNOWN,0.000,0.000,0.000,UNKNOWN
1779372924.332,0.000,0.000,0.000,UNKNOWN,0.000,0.000,0.000,UNKNOWN
1779372924.432,0.000,0.000,0.000,UNKNOWN,0.000,0.000,0.000,UNKNOWN
1779372924.533,0.000,0.000,0.000,UNKNOWN,0.000,0.000,0.000,UNKNOWN
1779372924.632,0.000,0.000,0.000,UNKNOWN,0.000,0.000,0.000,UNKNOWN
1779372924.732,0.000,0.000,0.000,UNKNOWN,0.000,0.000,0.000,UNKNOWN
1779372924.832,0.000,0.000,0.000,UNKNOWN,0.000,0.000,0.000,UNKNOWN
1779372924.932,0.000,0.000,0.000,UNKNOWN,0.000,0.000,0.000,UNKNOWN
1779372925.032,0.000,0.000,0.000,UNKNOWN,0.000,0.000,0.000,UNKNOWN
1779372925.133,0.000,0.000,0.000,UNKNOWN,0.000,0.000,0.000,UNKNOWN
1779372925.233,0.000,0.000,0.000,UNKNOWN,0.000,0.000,0.000,UNKNOWN
1779372925.333,0.000,0.000,0.000,UNKNOWN,0.000,0.000,0.000,UNKNOWN
1779372925.433,0.000,0.000,0.000,UNKNOWN,0.000,0.000,0.000,UNKNOWN
1779372925.532,0.000,0.000,0.000,UNKNOWN,0.000,0.000,0.000,UNKNOWN
1779372925.632,0.000,0.000,0.000,UNKNOWN,0.000,0.000,0.000,UNKNOWN
1779372925.732,0.000,0.000,0.000,UNKNOWN,0.000,0.000,0.000,UNKNOWN
1779372925.832,0.000,0.000,0.000,UNKNOWN,0.000,0.000,0.000,UNKNOWN
1779372925.932,0.000,0.000,0.000,UNKNOWN,0.000,0.000,0.000,UNKNOWN
1779372926.032,0.000,0.000,0.000,UNKNOWN,0.000,0.000,0.000,UNKNOWN
1779372926.133,0.000,0.000,0.000,UNKNOWN,0.000,0.000,0.000,UNKNOWN
1779372926.232,0.000,0.000,0.000,UNKNOWN,0.000,0.000,0.000,UNKNOWN
1779372926.332,0.000,0.000,0.000,UNKNOWN,0.000,0.000,0.000,UNKNOWN
1779372926.432,0.000,0.000,0.000,UNKNOWN,0.000,0.000,0.000,UNKNOWN
1779372926.533,0.000,0.000,0.000,UNKNOWN,0.000,0.000,0.000,UNKNOWN
1779372926.633,0.000,0.000,0.000,UNKNOWN,0.000,0.000,0.000,UNKNOWN
1779372926.732,0.000,0.000,0.000,UNKNOWN,0.000,0.000,0.000,UNKNOWN
1779372926.833,0.000,0.000,0.000,UNKNOWN,0.000,0.000,0.000,UNKNOWN
1779372926.933,0.000,0.000,0.000,UNKNOWN,0.000,0.000,0.000,UNKNOWN
1779372927.032,0.000,0.000,0.000,UNKNOWN,0.000,0.000,0.000,UNKNOWN
1779372927.132,0.000,0.000,0.000,UNKNOWN,0.000,0.000,0.000,UNKNOWN
1779372927.233,0.000,0.000,0.000,UNKNOWN,0.000,0.000,0.000,UNKNOWN
1779372927.333,0.000,0.000,0.000,UNKNOWN,0.000,0.000,0.000,UNKNOWN
1779372927.432,0.000,0.000,0.000,UNKNOWN,0.000,0.000,0.000,UNKNOWN
1779372927.532,0.000,0.000,0.000,UNKNOWN,0.000,0.000,0.000,UNKNOWN
1779372927.632,0.000,0.000,0.000,UNKNOWN,0.000,0.000,0.000,UNKNOWN
1779372927.733,0.000,0.000,0.000,UNKNOWN,0.000,0.000,0.000,UNKNOWN
1779372927.832,0.000,0.000,0.000,UNKNOWN,0.000,0.000,0.000,UNKNOWN
1779372927.933,0.000,0.000,0.000,UNKNOWN,0.000,0.000,0.000,UNKNOWN
1779372928.032,0.000,0.000,0.000,UNKNOWN,0.000,0.000,0.000,UNKNOWN
1779372928.133,0.000,0.000,0.000,UNKNOWN,0.000,0.000,0.000,UNKNOWN
1779372928.233,0.000,0.000,0.000,UNKNOWN,0.000,0.000,0.000,UNKNOWN
1779372928.333,0.000,0.000,0.000,UNKNOWN,0.000,0.000,0.000,UNKNOWN
1779372928.432,0.000,0.000,0.000,UNKNOWN,0.000,0.000,0.000,UNKNOWN
1779372928.532,0.000,0.000,0.000,UNKNOWN,0.000,0.000,0.000,UNKNOWN
1779372928.632,0.000,0.000,0.000,UNKNOWN,0.000,0.000,0.000,UNKNOWN
1779372928.732,0.000,0.000,0.000,UNKNOWN,0.000,0.000,0.000,UNKNOWN
1779372928.832,0.000,0.000,0.000,UNKNOWN,0.000,0.000,0.000,UNKNOWN
1779372928.933,0.000,0.000,0.000,UNKNOWN,0.000,0.000,0.000,UNKNOWN
1779372929.033,0.000,0.000,0.000,UNKNOWN,0.000,0.000,0.000,UNKNOWN
1779372929.132,0.000,0.000,0.000,UNKNOWN,0.000,0.000,0.000,UNKNOWN
1779372929.232,0.000,0.000,0.000,UNKNOWN,0.000,0.000,0.000,UNKNOWN
1779372929.332,0.000,0.000,0.000,UNKNOWN,0.000,0.000,0.000,UNKNOWN
1779372929.433,0.000,0.000,0.000,UNKNOWN,0.000,0.000,0.000,UNKNOWN
1779372929.533,0.000,0.000,0.000,UNKNOWN,0.000,0.000,0.000,UNKNOWN
1779372929.632,0.000,0.000,0.000,UNKNOWN,0.000,0.000,0.000,UNKNOWN
1779372929.732,0.000,0.000,0.000,UNKNOWN,0.000,0.000,0.000,UNKNOWN
1779372929.832,0.000,0.000,0.000,UNKNOWN,0.000,0.000,0.000,UNKNOWN
1779372929.932,0.000,0.000,0.000,UNKNOWN,0.000,0.000,0.000,UNKNOWN
1779372930.032,0.000,0.000,0.000,UNKNOWN,0.000,0.000,0.000,UNKNOWN
1779372930.132,0.000,0.000,0.000,UNKNOWN,0.000,0.000,0.000,UNKNOWN
1779372930.232,0.000,0.000,0.000,UNKNOWN,0.000,0.000,0.000,UNKNOWN
1779372930.332,0.000,0.000,0.000,UNKNOWN,0.000,0.000,0.000,UNKNOWN
1779372930.432,0.000,0.000,0.000,UNKNOWN,0.000,0.000,0.000,UNKNOWN
1779372930.532,0.000,0.000,0.000,UNKNOWN,0.000,0.000,0.000,UNKNOWN
1779372930.632,0.000,0.000,0.000,UNKNOWN,0.000,0.000,0.000,UNKNOWN
1779372930.732,0.000,0.000,0.000,UNKNOWN,0.000,0.000,0.000,UNKNOWN
1779372930.832,0.000,0.000,0.000,UNKNOWN,0.000,0.000,0.000,UNKNOWN
1779372930.932,0.000,0.000,0.000,UNKNOWN,0.000,0.000,0.000,UNKNOWN
1779372931.033,0.000,0.000,0.000,UNKNOWN,0.000,0.000,0.000,UNKNOWN
1779372931.133,0.000,0.000,0.000,UNKNOWN,0.000,0.000,0.000,UNKNOWN
1779372931.233,0.000,0.000,0.000,UNKNOWN,0.000,0.000,0.000,UNKNOWN
1779372931.332,0.000,0.000,0.000,UNKNOWN,0.000,0.000,0.000,UNKNOWN
1779372931.432,0.000,0.000,0.000,UNKNOWN,0.000,0.000,0.000,UNKNOWN
1779372931.532,0.000,0.000,0.000,UNKNOWN,0.000,0.000,0.000,UNKNOWN
1779372931.633,0.000,0.000,0.000,UNKNOWN,0.000,0.000,0.000,UNKNOWN
1779372931.732,0.000,0.000,0.000,UNKNOWN,0.000,0.000,0.000,UNKNOWN
1779372931.832,0.000,0.000,0.000,UNKNOWN,0.000,0.000,0.000,UNKNOWN
1779372931.932,0.000,0.000,0.000,UNKNOWN,0.000,0.000,0.000,UNKNOWN
1779372932.032,0.000,0.000,0.000,UNKNOWN,0.000,0.000,0.000,UNKNOWN
1779372932.132,0.000,0.000,0.000,UNKNOWN,0.000,0.000,0.000,UNKNOWN
1779372932.232,0.000,0.000,0.000,UNKNOWN,0.000,0.000,0.000,UNKNOWN
1779372932.333,0.000,0.000,0.000,UNKNOWN,0.000,0.000,0.000,UNKNOWN
1779372932.432,0.000,0.000,0.000,UNKNOWN,0.000,0.000,0.000,UNKNOWN
1779372932.532,0.000,0.000,0.000,UNKNOWN,0.000,0.000,0.000,UNKNOWN
1779372932.632,0.000,0.000,0.000,UNKNOWN,0.000,0.000,0.000,UNKNOWN
1779372932.732,0.000,0.000,0.000,UNKNOWN,0.000,0.000,0.000,UNKNOWN
1779372932.832,0.000,0.000,0.000,UNKNOWN,0.000,0.000,0.000,UNKNOWN
1779372932.932,0.000,0.000,0.000,UNKNOWN,0.000,0.000,0.000,UNKNOWN
1779372933.032,0.000,0.000,0.000,UNKNOWN,0.000,0.000,0.000,UNKNOWN
1779372933.132,0.000,0.000,0.000,UNKNOWN,0.000,0.000,0.000,UNKNOWN
1779372933.233,0.000,0.000,0.000,UNKNOWN,0.000,0.000,0.000,UNKNOWN
1779372933.332,0.000,0.000,0.000,UNKNOWN,0.000,0.000,0.000,UNKNOWN
1779372933.432,0.000,0.000,0.000,UNKNOWN,0.000,0.000,0.000,UNKNOWN
1779372933.532,0.000,0.000,0.000,UNKNOWN,0.000,0.000,0.000,UNKNOWN
1779372933.632,0.000,0.000,0.000,UNKNOWN,0.000,0.000,0.000,UNKNOWN
1779372933.732,0.000,0.000,0.000,UNKNOWN,0.000,0.000,0.000,UNKNOWN
1779372933.832,0.000,0.000,0.000,UNKNOWN,0.000,0.000,0.000,UNKNOWN
1779372933.932,0.000,0.000,0.000,UNKNOWN,0.000,0.000,0.000,UNKNOWN
1779372934.032,0.000,0.000,0.000,UNKNOWN,0.000,0.000,0.000,UNKNOWN
1779372934.132,0.000,0.000,0.000,UNKNOWN,0.000,0.000,0.000,UNKNOWN
1779372934.232,0.000,0.000,0.000,UNKNOWN,0.000,0.000,0.000,UNKNOWN
1779372934.332,0.000,0.000,0.000,UNKNOWN,0.000,0.000,0.000,UNKNOWN
1779372934.432,0.000,0.000,0.000,UNKNOWN,0.000,0.000,0.000,UNKNOWN
1779372934.532,0.000,0.000,0.000,UNKNOWN,0.000,0.000,0.000,UNKNOWN
1779372934.632,0.000,0.000,0.000,UNKNOWN,0.000,0.000,0.000,UNKNOWN
1779372934.732,0.000,0.000,0.000,UNKNOWN,0.000,0.000,0.000,UNKNOWN
1779372934.832,0.000,0.000,0.000,UNKNOWN,0.000,0.000,0.000,UNKNOWN
1779372934.932,0.000,0.000,0.000,UNKNOWN,0.000,0.000,0.000,UNKNOWN
1779372935.032,0.000,0.000,0.000,UNKNOWN,0.000,0.000,0.000,UNKNOWN
1779372935.132,0.000,0.000,0.000,UNKNOWN,0.000,0.000,0.000,UNKNOWN
1779372935.232,0.000,0.000,0.000,UNKNOWN,0.000,0.000,0.000,UNKNOWN
1779372935.332,0.000,0.000,0.000,UNKNOWN,0.000,0.000,0.000,UNKNOWN
1779372935.432,0.000,0.000,0.000,UNKNOWN,0.000,0.000,0.000,UNKNOWN
1779372935.532,0.000,0.000,0.000,UNKNOWN,0.000,0.000,0.000,UNKNOWN
1779372935.632,0.000,0.000,0.000,UNKNOWN,0.000,0.000,0.000,UNKNOWN
1779372935.732,0.000,0.000,0.000,UNKNOWN,0.000,0.000,0.000,UNKNOWN
1779372935.832,0.000,0.000,0.000,UNKNOWN,0.000,0.000,0.000,UNKNOWN
1779372935.933,0.000,0.000,0.000,UNKNOWN,0.000,0.000,0.000,UNKNOWN
1779372936.032,0.000,0.000,0.000,UNKNOWN,0.000,0.000,0.000,UNKNOWN
1779372936.132,0.000,0.000,0.000,UNKNOWN,0.000,0.000,0.000,UNKNOWN
1779372936.232,0.000,0.000,0.000,UNKNOWN,0.000,0.000,0.000,UNKNOWN
1779372936.332,0.000,0.000,0.000,UNKNOWN,0.000,0.000,0.000,UNKNOWN
1779372936.432,0.000,0.000,0.000,UNKNOWN,0.000,0.000,0.000,UNKNOWN
1779372936.532,0.000,0.000,0.000,UNKNOWN,0.000,0.000,0.000,UNKNOWN
1779372936.632,0.000,0.000,0.000,UNKNOWN,0.000,0.000,0.000,UNKNOWN
1779372936.732,0.000,0.000,0.000,UNKNOWN,0.000,0.000,0.000,UNKNOWN
1779372936.832,0.000,0.000,0.000,UNKNOWN,0.000,0.000,0.000,UNKNOWN
1779372936.933,0.000,0.000,0.000,UNKNOWN,0.000,0.000,0.000,UNKNOWN
1779372937.032,0.000,0.000,0.000,UNKNOWN,0.000,0.000,0.000,UNKNOWN
1779372937.132,0.000,0.000,0.000,UNKNOWN,0.000,0.000,0.000,UNKNOWN
1779372937.232,0.000,0.000,0.000,UNKNOWN,0.000,0.000,0.000,UNKNOWN
1779372937.332,0.000,0.000,0.000,UNKNOWN,0.000,0.000,0.000,UNKNOWN
1779372937.433,0.000,0.000,0.000,UNKNOWN,0.000,0.000,0.000,UNKNOWN
1779372937.532,0.000,0.000,0.000,UNKNOWN,0.000,0.000,0.000,UNKNOWN
1779372937.633,0.000,0.000,0.000,UNKNOWN,0.000,0.000,0.000,UNKNOWN
1779372937.733,0.000,0.000,0.000,UNKNOWN,0.000,0.000,0.000,UNKNOWN
1779372937.832,0.000,0.000,0.000,UNKNOWN,0.000,0.000,0.000,UNKNOWN
1779372937.933,0.000,0.000,0.000,UNKNOWN,0.000,0.000,0.000,UNKNOWN
1779372938.032,0.000,0.000,0.000,UNKNOWN,0.000,0.000,0.000,UNKNOWN
1779372938.133,0.000,0.000,0.000,UNKNOWN,0.000,0.000,0.000,UNKNOWN
1779372938.232,0.000,0.000,0.000,UNKNOWN,0.000,0.000,0.000,UNKNOWN
1779372938.332,0.000,0.000,0.000,UNKNOWN,0.000,0.000,0.000,UNKNOWN
1779372938.433,0.000,0.000,0.000,UNKNOWN,0.000,0.000,0.000,UNKNOWN
1779372938.532,0.000,0.000,0.000,UNKNOWN,0.000,0.000,0.000,UNKNOWN
1779372938.632,0.000,0.000,0.000,UNKNOWN,0.000,0.000,0.000,UNKNOWN
1779372938.732,0.000,0.000,0.000,UNKNOWN,0.000,0.000,0.000,UNKNOWN
1779372938.832,0.000,0.000,0.000,UNKNOWN,0.000,0.000,0.000,UNKNOWN
1779372938.932,0.000,0.000,0.000,UNKNOWN,0.000,0.000,0.000,UNKNOWN
1779372939.032,0.000,0.000,0.000,UNKNOWN,0.000,0.000,0.000,UNKNOWN
1779372939.132,0.000,0.000,0.000,UNKNOWN,0.000,0.000,0.000,UNKNOWN
1779372939.232,0.000,0.000,0.000,UNKNOWN,0.000,0.000,0.000,UNKNOWN
1779372939.332,0.000,0.000,0.000,UNKNOWN,0.000,0.000,0.000,UNKNOWN
1779372939.432,0.000,0.000,0.000,UNKNOWN,0.000,0.000,0.000,UNKNOWN
1779372939.532,0.000,0.000,0.000,UNKNOWN,0.000,0.000,0.000,UNKNOWN
1779372939.632,0.000,0.000,0.000,UNKNOWN,0.000,0.000,0.000,UNKNOWN
1779372939.732,0.000,0.000,0.000,UNKNOWN,0.000,0.000,0.000,UNKNOWN
1779372939.832,0.000,0.000,0.000,UNKNOWN,0.000,0.000,0.000,UNKNOWN
1779372939.932,0.000,0.000,0.000,UNKNOWN,0.000,0.000,0.000,UNKNOWN
1779372940.032,0.000,0.000,0.000,UNKNOWN,0.000,0.000,0.000,UNKNOWN
1779372940.132,0.000,0.000,0.000,UNKNOWN,0.000,0.000,0.000,UNKNOWN
1779372940.232,0.000,0.000,0.000,UNKNOWN,0.000,0.000,0.000,UNKNOWN
1779372940.332,0.000,0.000,0.000,UNKNOWN,0.000,0.000,0.000,UNKNOWN
1779372940.432,0.000,0.000,0.000,UNKNOWN,0.000,0.000,0.000,UNKNOWN
1779372940.532,0.000,0.000,0.000,UNKNOWN,0.000,0.000,0.000,UNKNOWN
1779372940.632,0.000,0.000,0.000,UNKNOWN,0.000,0.000,0.000,UNKNOWN
1779372940.732,0.000,0.000,0.000,UNKNOWN,0.000,0.000,0.000,UNKNOWN
1779372940.832,0.000,0.000,0.000,UNKNOWN,0.000,0.000,0.000,UNKNOWN
1779372940.932,0.000,0.000,0.000,UNKNOWN,0.000,0.000,0.000,UNKNOWN
1779372941.032,0.000,0.000,0.000,UNKNOWN,0.000,0.000,0.000,UNKNOWN
1779372941.132,0.000,0.000,0.000,UNKNOWN,0.000,0.000,0.000,UNKNOWN
1779372941.232,0.000,0.000,0.000,UNKNOWN,0.000,0.000,0.000,UNKNOWN
1779372941.332,0.000,0.000,0.000,UNKNOWN,0.000,0.000,0.000,UNKNOWN
1779372941.433,0.000,0.000,0.000,UNKNOWN,0.000,0.000,0.000,UNKNOWN
1779372941.532,0.000,0.000,0.000,UNKNOWN,0.000,0.000,0.000,UNKNOWN
1779372941.632,0.000,0.000,0.000,UNKNOWN,0.000,0.000,0.000,UNKNOWN
1779372941.733,0.000,0.000,0.000,UNKNOWN,0.000,0.000,0.000,UNKNOWN
1779372941.832,0.000,0.000,0.000,UNKNOWN,0.000,0.000,0.000,UNKNOWN
1779372941.932,0.000,0.000,0.000,UNKNOWN,0.000,0.000,0.000,UNKNOWN
1779372942.032,0.000,0.000,0.000,UNKNOWN,0.000,0.000,0.000,UNKNOWN
1779372942.132,0.000,0.000,0.000,UNKNOWN,0.000,0.000,0.000,UNKNOWN
1779372942.233,0.000,0.000,0.000,UNKNOWN,0.000,0.000,0.000,UNKNOWN
1779372942.332,0.000,0.000,0.000,UNKNOWN,0.000,0.000,0.000,UNKNOWN
1779372942.432,0.000,0.000,0.000,UNKNOWN,0.000,0.000,0.000,UNKNOWN
1779372942.532,0.000,0.000,0.000,UNKNOWN,0.000,0.000,0.000,UNKNOWN
1779372942.633,0.000,0.000,0.000,UNKNOWN,0.000,0.000,0.000,UNKNOWN
1779372942.733,0.000,0.000,0.000,UNKNOWN,0.000,0.000,0.000,UNKNOWN
1779372942.832,0.000,0.000,0.000,UNKNOWN,0.000,0.000,0.000,UNKNOWN
1779372942.932,0.000,0.000,0.000,UNKNOWN,0.000,0.000,0.000,UNKNOWN
1779372943.032,0.000,0.000,0.000,UNKNOWN,0.000,0.000,0.000,UNKNOWN
1779372943.132,0.000,0.000,0.000,UNKNOWN,0.000,0.000,0.000,UNKNOWN
1779372943.232,0.000,0.000,0.000,UNKNOWN,0.000,0.000,0.000,UNKNOWN
1779372943.332,0.000,0.000,0.000,UNKNOWN,0.000,0.000,0.000,UNKNOWN
1779372943.432,0.000,0.000,0.000,UNKNOWN,0.000,0.000,0.000,UNKNOWN
1779372943.532,0.000,0.000,0.000,UNKNOWN,0.000,0.000,0.000,UNKNOWN
1779372943.632,0.000,0.000,0.000,UNKNOWN,0.000,0.000,0.000,UNKNOWN
1779372943.733,0.000,0.000,0.000,UNKNOWN,0.000,0.000,0.000,UNKNOWN
1779372943.832,0.000,0.000,0.000,UNKNOWN,0.000,0.000,0.000,UNKNOWN
1779372943.932,0.000,0.000,0.000,UNKNOWN,0.000,0.000,0.000,UNKNOWN
1779372944.032,0.000,0.000,0.000,UNKNOWN,0.000,0.000,0.000,UNKNOWN
1779372944.132,0.000,0.000,0.000,UNKNOWN,0.000,0.000,0.000,UNKNOWN
1779372944.232,0.000,0.000,0.000,UNKNOWN,0.000,0.000,0.000,UNKNOWN
1779372944.332,0.000,0.000,0.000,UNKNOWN,0.000,0.000,0.000,UNKNOWN
1779372944.432,0.000,0.000,0.000,UNKNOWN,0.000,0.000,0.000,UNKNOWN
1779372944.532,0.000,0.000,0.000,UNKNOWN,0.000,0.000,0.000,UNKNOWN
1779372944.633,0.000,0.000,0.000,UNKNOWN,0.000,0.000,0.000,UNKNOWN
1779372944.732,0.000,0.000,0.000,UNKNOWN,0.000,0.000,0.000,UNKNOWN
1779372944.832,0.000,0.000,0.000,UNKNOWN,0.000,0.000,0.000,UNKNOWN
1779372944.932,0.000,0.000,0.000,UNKNOWN,0.000,0.000,0.000,UNKNOWN
1779372945.032,0.000,0.000,0.000,UNKNOWN,0.000,0.000,0.000,UNKNOWN
1779372945.133,0.000,0.000,0.000,UNKNOWN,0.000,0.000,0.000,UNKNOWN
1779372945.232,0.000,0.000,0.000,UNKNOWN,0.000,0.000,0.000,UNKNOWN
1779372945.332,0.000,0.000,0.000,UNKNOWN,0.000,0.000,0.000,UNKNOWN
1779372945.432,0.000,0.000,0.000,UNKNOWN,0.000,0.000,0.000,UNKNOWN
1779372945.532,0.000,0.000,0.000,UNKNOWN,0.000,0.000,0.000,UNKNOWN
1779372945.632,0.000,0.000,0.000,UNKNOWN,0.000,0.000,0.000,UNKNOWN
1779372945.732,0.000,0.000,0.000,UNKNOWN,0.000,0.000,0.000,UNKNOWN
1779372945.832,0.000,0.000,0.000,UNKNOWN,0.000,0.000,0.000,UNKNOWN
1779372945.932,0.000,0.000,0.000,UNKNOWN,0.000,0.000,0.000,UNKNOWN
1779372946.032,0.000,0.000,0.000,UNKNOWN,0.000,0.000,0.000,UNKNOWN
1779372946.132,0.000,0.000,0.000,UNKNOWN,0.000,0.000,0.000,UNKNOWN
1779372946.232,0.000,0.000,0.000,UNKNOWN,0.000,0.000,0.000,UNKNOWN
1779372946.332,0.000,0.000,0.000,UNKNOWN,0.000,0.000,0.000,UNKNOWN
1779372946.432,0.000,0.000,0.000,UNKNOWN,0.000,0.000,0.000,UNKNOWN
1779372946.532,0.000,0.000,0.000,UNKNOWN,0.000,0.000,0.000,UNKNOWN
1779372946.632,0.000,0.000,0.000,UNKNOWN,0.000,0.000,0.000,UNKNOWN
1779372946.732,0.000,0.000,0.000,UNKNOWN,0.000,0.000,0.000,UNKNOWN
1779372946.832,0.000,0.000,0.000,UNKNOWN,0.000,0.000,0.000,UNKNOWN
1779372946.932,0.000,0.000,0.000,UNKNOWN,0.000,0.000,0.000,UNKNOWN
1779372947.032,0.000,0.000,0.000,UNKNOWN,0.000,0.000,0.000,UNKNOWN
1779372947.133,0.000,0.000,0.000,UNKNOWN,0.000,0.000,0.000,UNKNOWN
1779372947.233,0.000,0.000,0.000,UNKNOWN,0.000,0.000,0.000,UNKNOWN
1779372947.332,0.000,0.000,0.000,UNKNOWN,0.000,0.000,0.000,UNKNOWN
1779372947.432,0.000,0.000,0.000,UNKNOWN,0.000,0.000,0.000,UNKNOWN
1779372947.532,0.000,0.000,0.000,UNKNOWN,0.000,0.000,0.000,UNKNOWN
1779372947.632,0.000,0.000,0.000,UNKNOWN,0.000,0.000,0.000,UNKNOWN
1779372947.732,0.000,0.000,0.000,UNKNOWN,0.000,0.000,0.000,UNKNOWN
1779372947.833,0.000,0.000,0.000,UNKNOWN,0.000,0.000,0.000,UNKNOWN
1779372947.932,0.000,0.000,0.000,UNKNOWN,0.000,0.000,0.000,UNKNOWN
1779372948.033,0.000,0.000,0.000,UNKNOWN,0.000,0.000,0.000,UNKNOWN
1779372948.132,0.000,0.000,0.000,UNKNOWN,0.000,0.000,0.000,UNKNOWN
1779372948.232,0.000,0.000,0.000,UNKNOWN,0.000,0.000,0.000,UNKNOWN
1779372948.332,0.000,0.000,0.000,UNKNOWN,0.000,0.000,0.000,UNKNOWN
1779372948.432,0.000,0.000,0.000,UNKNOWN,0.000,0.000,0.000,UNKNOWN
1779372948.533,0.000,0.000,0.000,UNKNOWN,0.000,0.000,0.000,UNKNOWN
1779372948.632,0.000,0.000,0.000,UNKNOWN,0.000,0.000,0.000,UNKNOWN
1779372948.732,0.000,0.000,0.000,UNKNOWN,0.000,0.000,0.000,UNKNOWN
1779372948.833,0.000,0.000,0.000,UNKNOWN,0.000,0.000,0.000,UNKNOWN
1779372948.933,0.000,0.000,0.000,UNKNOWN,0.000,0.000,0.000,UNKNOWN
1779372949.032,0.000,0.000,0.000,UNKNOWN,0.000,0.000,0.000,UNKNOWN
1779372949.132,0.000,0.000,0.000,UNKNOWN,0.000,0.000,0.000,UNKNOWN
1779372949.233,0.000,0.000,0.000,UNKNOWN,0.000,0.000,0.000,UNKNOWN
1779372949.332,0.000,0.000,0.000,UNKNOWN,0.000,0.000,0.000,UNKNOWN
1779372949.432,0.000,0.000,0.000,UNKNOWN,0.000,0.000,0.000,UNKNOWN
1779372949.532,0.000,0.000,0.000,UNKNOWN,0.000,0.000,0.000,UNKNOWN
1779372949.632,0.000,0.000,0.000,UNKNOWN,0.000,0.000,0.000,UNKNOWN
1779372949.732,0.000,0.000,0.000,UNKNOWN,0.000,0.000,0.000,UNKNOWN
1779372949.832,0.000,0.000,0.000,UNKNOWN,0.000,0.000,0.000,UNKNOWN
1779372949.932,0.000,0.000,0.000,UNKNOWN,0.000,0.000,0.000,UNKNOWN
1779372950.032,0.000,0.000,0.000,UNKNOWN,0.000,0.000,0.000,UNKNOWN
1779372950.132,0.000,0.000,0.000,UNKNOWN,0.000,0.000,0.000,UNKNOWN
1779372950.232,0.000,0.000,0.000,UNKNOWN,0.000,0.000,0.000,UNKNOWN
1779372950.332,0.000,0.000,0.000,UNKNOWN,0.000,0.000,0.000,UNKNOWN
1779372950.432,0.000,0.000,0.000,UNKNOWN,0.000,0.000,0.000,UNKNOWN
1779372950.532,0.000,0.000,0.000,UNKNOWN,0.000,0.000,0.000,UNKNOWN
1779372950.632,0.000,0.000,0.000,UNKNOWN,0.000,0.000,0.000,UNKNOWN
1779372950.732,0.000,0.000,0.000,UNKNOWN,0.000,0.000,0.000,UNKNOWN
1779372950.832,0.000,0.000,0.000,UNKNOWN,0.000,0.000,0.000,UNKNOWN
1779372950.932,0.000,0.000,0.000,UNKNOWN,0.000,0.000,0.000,UNKNOWN
1779372951.033,0.000,0.000,0.000,UNKNOWN,0.000,0.000,0.000,UNKNOWN
1779372951.133,0.000,0.000,0.000,UNKNOWN,0.000,0.000,0.000,UNKNOWN
1779372951.232,0.000,0.000,0.000,UNKNOWN,0.000,0.000,0.000,UNKNOWN
1779372951.332,0.000,0.000,0.000,UNKNOWN,0.000,0.000,0.000,UNKNOWN
1779372951.433,0.000,0.000,0.000,UNKNOWN,0.000,0.000,0.000,UNKNOWN
1779372951.532,0.000,0.000,0.000,UNKNOWN,0.000,0.000,0.000,UNKNOWN
1779372951.633,0.000,0.000,0.000,UNKNOWN,0.000,0.000,0.000,UNKNOWN
1779372951.733,0.000,0.000,0.000,UNKNOWN,0.000,0.000,0.000,UNKNOWN
1779372951.832,0.000,0.000,0.000,UNKNOWN,0.000,0.000,0.000,UNKNOWN
1779372951.933,0.000,0.000,0.000,UNKNOWN,0.000,0.000,0.000,UNKNOWN
1779372952.032,0.000,0.000,0.000,UNKNOWN,0.000,0.000,0.000,UNKNOWN
1779372952.132,0.000,0.000,0.000,UNKNOWN,0.000,0.000,0.000,UNKNOWN
1779372952.232,0.000,0.000,0.000,UNKNOWN,0.000,0.000,0.000,UNKNOWN
1779372952.332,0.000,0.000,0.000,UNKNOWN,0.000,0.000,0.000,UNKNOWN
1779372952.432,0.000,0.000,0.000,UNKNOWN,0.000,0.000,0.000,UNKNOWN
1779372952.532,0.000,0.000,0.000,UNKNOWN,0.000,0.000,0.000,UNKNOWN
1779372952.632,0.000,0.000,0.000,UNKNOWN,0.000,0.000,0.000,UNKNOWN
1779372952.732,0.000,0.000,0.000,UNKNOWN,0.000,0.000,0.000,UNKNOWN
1779372952.832,0.000,0.000,0.000,UNKNOWN,0.000,0.000,0.000,UNKNOWN
1779372952.933,0.000,0.000,0.000,UNKNOWN,0.000,0.000,0.000,UNKNOWN
1779372953.033,0.000,0.000,0.000,UNKNOWN,0.000,0.000,0.000,UNKNOWN
1779372953.132,0.000,0.000,0.000,UNKNOWN,0.000,0.000,0.000,UNKNOWN
1779372953.233,0.000,0.000,0.000,UNKNOWN,0.000,0.000,0.000,UNKNOWN
1779372953.333,0.000,0.000,0.000,UNKNOWN,0.000,0.000,0.000,UNKNOWN
1779372953.433,0.000,0.000,0.000,UNKNOWN,0.000,0.000,0.000,UNKNOWN
1779372953.532,0.000,0.000,0.000,UNKNOWN,0.000,0.000,0.000,UNKNOWN
1779372953.632,0.000,0.000,0.000,UNKNOWN,0.000,0.000,0.000,UNKNOWN
1779372953.732,0.000,0.000,0.000,UNKNOWN,0.000,0.000,0.000,UNKNOWN
1779372953.832,0.000,0.000,0.000,UNKNOWN,0.000,0.000,0.000,UNKNOWN
1779372953.932,0.000,0.000,0.000,UNKNOWN,0.000,0.000,0.000,UNKNOWN
1779372954.032,0.000,0.000,0.000,UNKNOWN,0.000,0.000,0.000,UNKNOWN
1779372954.133,0.000,0.000,0.000,UNKNOWN,0.000,0.000,0.000,UNKNOWN
1779372954.233,0.000,0.000,0.000,UNKNOWN,0.000,0.000,0.000,UNKNOWN
1779372954.332,0.000,0.000,0.000,UNKNOWN,0.000,0.000,0.000,UNKNOWN
1779372954.432,0.000,0.000,0.000,UNKNOWN,0.000,0.000,0.000,UNKNOWN
1779372954.533,0.000,0.000,0.000,UNKNOWN,0.000,0.000,0.000,UNKNOWN
1779372954.632,0.000,0.000,0.000,UNKNOWN,0.000,0.000,0.000,UNKNOWN
1779372954.732,0.000,0.000,0.000,UNKNOWN,0.000,0.000,0.000,UNKNOWN
1779372954.832,0.000,0.000,0.000,UNKNOWN,0.000,0.000,0.000,UNKNOWN
1779372954.932,0.000,0.000,0.000,UNKNOWN,0.000,0.000,0.000,UNKNOWN
1779372955.032,0.000,0.000,0.000,UNKNOWN,0.000,0.000,0.000,UNKNOWN
1779372955.132,0.000,0.000,0.000,UNKNOWN,0.000,0.000,0.000,UNKNOWN
1779372955.232,0.000,0.000,0.000,UNKNOWN,0.000,0.000,0.000,UNKNOWN
1779372955.333,0.000,0.000,0.000,UNKNOWN,0.000,0.000,0.000,UNKNOWN
1779372955.432,0.000,0.000,0.000,UNKNOWN,0.000,0.000,0.000,UNKNOWN
1779372955.533,0.000,0.000,0.000,UNKNOWN,0.000,0.000,0.000,UNKNOWN
1779372955.632,0.000,0.000,0.000,UNKNOWN,0.000,0.000,0.000,UNKNOWN
1779372955.733,0.000,0.000,0.000,UNKNOWN,0.000,0.000,0.000,UNKNOWN
1779372955.833,0.000,0.000,0.000,UNKNOWN,0.000,0.000,0.000,UNKNOWN
1779372955.932,0.000,0.000,0.000,UNKNOWN,0.000,0.000,0.000,UNKNOWN
1779372956.033,0.000,0.000,0.000,UNKNOWN,0.000,0.000,0.000,UNKNOWN
1779372956.133,0.000,0.000,0.000,UNKNOWN,0.000,0.000,0.000,UNKNOWN
1779372956.232,0.000,0.000,0.000,UNKNOWN,0.000,0.000,0.000,UNKNOWN
1779372956.332,0.000,0.000,0.000,UNKNOWN,0.000,0.000,0.000,UNKNOWN
1779372956.432,0.000,0.000,0.000,UNKNOWN,0.000,0.000,0.000,UNKNOWN
1779372956.532,0.000,0.000,0.000,UNKNOWN,0.000,0.000,0.000,UNKNOWN
1779372956.632,0.000,0.000,0.000,UNKNOWN,0.000,0.000,0.000,UNKNOWN
1779372956.732,0.000,0.000,0.000,UNKNOWN,0.000,0.000,0.000,UNKNOWN
1779372956.832,0.000,0.000,0.000,UNKNOWN,0.000,0.000,0.000,UNKNOWN
1779372956.932,0.000,0.000,0.000,UNKNOWN,0.000,0.000,0.000,UNKNOWN
1779372957.032,0.000,0.000,0.000,UNKNOWN,0.000,0.000,0.000,UNKNOWN
1779372957.133,0.000,0.000,0.000,UNKNOWN,0.000,0.000,0.000,UNKNOWN
1779372957.233,0.000,0.000,0.000,UNKNOWN,0.000,0.000,0.000,UNKNOWN
1779372957.332,0.000,0.000,0.000,UNKNOWN,0.000,0.000,0.000,UNKNOWN
1779372957.432,0.000,0.000,0.000,UNKNOWN,0.000,0.000,0.000,UNKNOWN
1779372957.532,0.000,0.000,0.000,UNKNOWN,0.000,0.000,0.000,UNKNOWN
1779372957.632,0.000,0.000,0.000,UNKNOWN,0.000,0.000,0.000,UNKNOWN
1779372957.732,0.000,0.000,0.000,UNKNOWN,0.000,0.000,0.000,UNKNOWN
1779372957.832,0.000,0.000,0.000,UNKNOWN,0.000,0.000,0.000,UNKNOWN
1779372957.932,0.000,0.000,0.000,UNKNOWN,0.000,0.000,0.000,UNKNOWN
1779372958.032,0.000,0.000,0.000,UNKNOWN,0.000,0.000,0.000,UNKNOWN
1779372958.132,0.000,0.000,0.000,UNKNOWN,0.000,0.000,0.000,UNKNOWN
1779372958.232,0.000,0.000,0.000,UNKNOWN,0.000,0.000,0.000,UNKNOWN
1779372958.332,0.000,0.000,0.000,UNKNOWN,0.000,0.000,0.000,UNKNOWN
1779372958.432,0.000,0.000,0.000,UNKNOWN,0.000,0.000,0.000,UNKNOWN
1779372958.532,0.000,0.000,0.000,UNKNOWN,0.000,0.000,0.000,UNKNOWN
1779372958.632,0.000,0.000,0.000,UNKNOWN,0.000,0.000,0.000,UNKNOWN
1779372958.732,0.000,0.000,0.000,UNKNOWN,0.000,0.000,0.000,UNKNOWN
1779372958.832,0.000,0.000,0.000,UNKNOWN,0.000,0.000,0.000,UNKNOWN
1779372958.932,0.000,0.000,0.000,UNKNOWN,0.000,0.000,0.000,UNKNOWN
1779372959.032,0.000,0.000,0.000,UNKNOWN,0.000,0.000,0.000,UNKNOWN
1779372959.132,0.000,0.000,0.000,UNKNOWN,0.000,0.000,0.000,UNKNOWN
1779372959.232,0.000,0.000,0.000,UNKNOWN,0.000,0.000,0.000,UNKNOWN
1779372959.332,0.000,0.000,0.000,UNKNOWN,0.000,0.000,0.000,UNKNOWN
1779372959.432,0.000,0.000,0.000,UNKNOWN,0.000,0.000,0.000,UNKNOWN
1779372959.532,0.000,0.000,0.000,UNKNOWN,0.000,0.000,0.000,UNKNOWN
1779372959.632,0.000,0.000,0.000,UNKNOWN,0.000,0.000,0.000,UNKNOWN
1779372959.732,0.000,0.000,0.000,UNKNOWN,0.000,0.000,0.000,UNKNOWN
1779372959.832,0.000,0.000,0.000,UNKNOWN,0.000,0.000,0.000,UNKNOWN
1779372959.932,0.000,0.000,0.000,UNKNOWN,0.000,0.000,0.000,UNKNOWN
1779372960.032,0.000,0.000,0.000,UNKNOWN,0.000,0.000,0.000,UNKNOWN
1779372960.132,0.000,0.000,0.000,UNKNOWN,0.000,0.000,0.000,UNKNOWN
1779372960.232,0.000,0.000,0.000,UNKNOWN,0.000,0.000,0.000,UNKNOWN
1779372960.332,0.000,0.000,0.000,UNKNOWN,0.000,0.000,0.000,UNKNOWN
1779372960.433,0.000,0.000,0.000,UNKNOWN,0.000,0.000,0.000,UNKNOWN
1779372960.532,0.000,0.000,0.000,UNKNOWN,0.000,0.000,0.000,UNKNOWN
1779372960.632,0.000,0.000,0.000,UNKNOWN,0.000,0.000,0.000,UNKNOWN
1779372960.732,0.000,0.000,0.000,UNKNOWN,0.000,0.000,0.000,UNKNOWN
1779372960.833,0.000,0.000,0.000,UNKNOWN,0.000,0.000,0.000,UNKNOWN
1779372960.932,0.000,0.000,0.000,UNKNOWN,0.000,0.000,0.000,UNKNOWN
1779372961.032,0.000,0.000,0.000,UNKNOWN,0.000,0.000,0.000,UNKNOWN
1779372961.132,0.000,0.000,0.000,UNKNOWN,0.000,0.000,0.000,UNKNOWN
1779372961.232,0.000,0.000,0.000,UNKNOWN,0.000,0.000,0.000,UNKNOWN
1779372961.332,0.000,0.000,0.000,UNKNOWN,0.000,0.000,0.000,UNKNOWN
1779372961.432,0.000,0.000,0.000,UNKNOWN,0.000,0.000,0.000,UNKNOWN
1779372961.532,0.000,0.000,0.000,UNKNOWN,0.000,0.000,0.000,UNKNOWN
1779372961.633,0.000,0.000,0.000,UNKNOWN,0.000,0.000,0.000,UNKNOWN
1779372961.732,0.000,0.000,0.000,UNKNOWN,0.000,0.000,0.000,UNKNOWN
1779372961.832,0.000,0.000,0.000,UNKNOWN,0.000,0.000,0.000,UNKNOWN
1779372961.932,0.000,0.000,0.000,UNKNOWN,0.000,0.000,0.000,UNKNOWN
1779372962.032,0.000,0.000,0.000,UNKNOWN,0.000,0.000,0.000,UNKNOWN
1779372962.132,0.000,0.000,0.000,UNKNOWN,0.000,0.000,0.000,UNKNOWN
1779372962.232,0.000,0.000,0.000,UNKNOWN,0.000,0.000,0.000,UNKNOWN
1779372962.332,0.000,0.000,0.000,UNKNOWN,0.000,0.000,0.000,UNKNOWN
1779372962.432,0.000,0.000,0.000,UNKNOWN,0.000,0.000,0.000,UNKNOWN
1779372962.532,0.000,0.000,0.000,UNKNOWN,0.000,0.000,0.000,UNKNOWN
1779372962.632,0.000,0.000,0.000,UNKNOWN,0.000,0.000,0.000,UNKNOWN
1779372962.732,0.000,0.000,0.000,UNKNOWN,0.000,0.000,0.000,UNKNOWN
1779372962.832,0.000,0.000,0.000,UNKNOWN,0.000,0.000,0.000,UNKNOWN
1779372962.932,0.000,0.000,0.000,UNKNOWN,0.000,0.000,0.000,UNKNOWN
1779372963.032,0.000,0.000,0.000,UNKNOWN,0.000,0.000,0.000,UNKNOWN
1779372963.133,0.000,0.000,0.000,UNKNOWN,0.000,0.000,0.000,UNKNOWN
1779372963.232,0.000,0.000,0.000,UNKNOWN,0.000,0.000,0.000,UNKNOWN
1779372963.332,0.000,0.000,0.000,UNKNOWN,0.000,0.000,0.000,UNKNOWN
1779372963.432,0.000,0.000,0.000,UNKNOWN,0.000,0.000,0.000,UNKNOWN
1779372963.532,0.000,0.000,0.000,UNKNOWN,0.000,0.000,0.000,UNKNOWN
1779372963.633,0.000,0.000,0.000,UNKNOWN,0.000,0.000,0.000,UNKNOWN
1779372963.732,0.000,0.000,0.000,UNKNOWN,0.000,0.000,0.000,UNKNOWN
1779372963.832,0.000,0.000,0.000,UNKNOWN,0.000,0.000,0.000,UNKNOWN
1779372963.932,0.000,0.000,0.000,UNKNOWN,0.000,0.000,0.000,UNKNOWN
1779372964.032,0.000,0.000,0.000,UNKNOWN,0.000,0.000,0.000,UNKNOWN
1779372964.132,0.000,0.000,0.000,UNKNOWN,0.000,0.000,0.000,UNKNOWN
1779372964.232,0.000,0.000,0.000,UNKNOWN,0.000,0.000,0.000,UNKNOWN
1779372964.332,0.000,0.000,0.000,UNKNOWN,0.000,0.000,0.000,UNKNOWN
1779372964.432,0.000,0.000,0.000,UNKNOWN,0.000,0.000,0.000,UNKNOWN
1779372964.532,0.000,0.000,0.000,UNKNOWN,0.000,0.000,0.000,UNKNOWN
1779372964.632,0.000,0.000,0.000,UNKNOWN,0.000,0.000,0.000,UNKNOWN
1779372964.732,0.000,0.000,0.000,UNKNOWN,0.000,0.000,0.000,UNKNOWN
1779372964.832,0.000,0.000,0.000,UNKNOWN,0.000,0.000,0.000,UNKNOWN
1779372964.932,0.000,0.000,0.000,UNKNOWN,0.000,0.000,0.000,UNKNOWN
1779372965.032,0.000,0.000,0.000,UNKNOWN,0.000,0.000,0.000,UNKNOWN
1779372965.132,0.000,0.000,0.000,UNKNOWN,0.000,0.000,0.000,UNKNOWN
1779372965.232,0.000,0.000,0.000,UNKNOWN,0.000,0.000,0.000,UNKNOWN
1779372965.332,0.000,0.000,0.000,UNKNOWN,0.000,0.000,0.000,UNKNOWN
1779372965.432,0.000,0.000,0.000,UNKNOWN,0.000,0.000,0.000,UNKNOWN
1779372965.532,0.000,0.000,0.000,UNKNOWN,0.000,0.000,0.000,UNKNOWN
1779372965.632,0.000,0.000,0.000,UNKNOWN,0.000,0.000,0.000,UNKNOWN
1779372965.733,0.000,0.000,0.000,UNKNOWN,0.000,0.000,0.000,UNKNOWN
1779372965.833,0.000,0.000,0.000,UNKNOWN,0.000,0.000,0.000,UNKNOWN
1779372965.933,0.000,0.000,0.000,UNKNOWN,0.000,0.000,0.000,UNKNOWN
1779372966.032,0.000,0.000,0.000,UNKNOWN,0.000,0.000,0.000,UNKNOWN
1779372966.132,0.000,0.000,0.000,UNKNOWN,0.000,0.000,0.000,UNKNOWN
1779372966.232,0.000,0.000,0.000,UNKNOWN,0.000,0.000,0.000,UNKNOWN
1779372966.333,0.000,0.000,0.000,UNKNOWN,0.000,0.000,0.000,UNKNOWN
1779372966.432,0.000,0.000,0.000,UNKNOWN,0.000,0.000,0.000,UNKNOWN
1779372966.533,0.000,0.000,0.000,UNKNOWN,0.000,0.000,0.000,UNKNOWN
1779372966.632,0.000,0.000,0.000,UNKNOWN,0.000,0.000,0.000,UNKNOWN
1779372966.732,0.000,0.000,0.000,UNKNOWN,0.000,0.000,0.000,UNKNOWN
1779372966.833,0.000,0.000,0.000,UNKNOWN,0.000,0.000,0.000,UNKNOWN
1779372966.932,0.000,0.000,0.000,UNKNOWN,0.000,0.000,0.000,UNKNOWN
1779372967.032,0.000,0.000,0.000,UNKNOWN,0.000,0.000,0.000,UNKNOWN
1779372967.132,0.000,0.000,0.000,UNKNOWN,0.000,0.000,0.000,UNKNOWN
1779372967.232,0.000,0.000,0.000,UNKNOWN,0.000,0.000,0.000,UNKNOWN
1779372967.332,0.000,0.000,0.000,UNKNOWN,0.000,0.000,0.000,UNKNOWN
1779372967.432,0.000,0.000,0.000,UNKNOWN,0.000,0.000,0.000,UNKNOWN
1779372967.532,0.000,0.000,0.000,UNKNOWN,0.000,0.000,0.000,UNKNOWN
1779372967.632,0.000,0.000,0.000,UNKNOWN,0.000,0.000,0.000,UNKNOWN
1779372967.733,0.000,0.000,0.000,UNKNOWN,0.000,0.000,0.000,UNKNOWN
1779372967.832,0.000,0.000,0.000,UNKNOWN,0.000,0.000,0.000,UNKNOWN
1779372967.932,0.000,0.000,0.000,UNKNOWN,0.000,0.000,0.000,UNKNOWN
1779372968.032,0.000,0.000,0.000,UNKNOWN,0.000,0.000,0.000,UNKNOWN
1779372968.133,0.000,0.000,0.000,UNKNOWN,0.000,0.000,0.000,UNKNOWN
1779372968.232,0.000,0.000,0.000,UNKNOWN,0.000,0.000,0.000,UNKNOWN
1779372968.332,0.000,0.000,0.000,UNKNOWN,0.000,0.000,0.000,UNKNOWN
1779372968.432,0.000,0.000,0.000,UNKNOWN,0.000,0.000,0.000,UNKNOWN
1779372968.532,0.000,0.000,0.000,UNKNOWN,0.000,0.000,0.000,UNKNOWN
1779372968.632,0.000,0.000,0.000,UNKNOWN,0.000,0.000,0.000,UNKNOWN
1779372968.732,0.000,0.000,0.000,UNKNOWN,0.000,0.000,0.000,UNKNOWN
1779372968.832,0.000,0.000,0.000,UNKNOWN,0.000,0.000,0.000,UNKNOWN
1779372968.932,0.000,0.000,0.000,UNKNOWN,0.000,0.000,0.000,UNKNOWN
1779372969.032,0.000,0.000,0.000,UNKNOWN,0.000,0.000,0.000,UNKNOWN
1779372969.132,0.000,0.000,0.000,UNKNOWN,0.000,0.000,0.000,UNKNOWN
1779372969.232,0.000,0.000,0.000,UNKNOWN,0.000,0.000,0.000,UNKNOWN
1779372969.332,0.000,0.000,0.000,UNKNOWN,0.000,0.000,0.000,UNKNOWN
1779372969.432,0.000,0.000,0.000,UNKNOWN,0.000,0.000,0.000,UNKNOWN
1779372969.532,0.000,0.000,0.000,UNKNOWN,0.000,0.000,0.000,UNKNOWN
1779372969.633,0.000,0.000,0.000,UNKNOWN,0.000,0.000,0.000,UNKNOWN
1779372969.732,0.000,0.000,0.000,UNKNOWN,0.000,0.000,0.000,UNKNOWN
1779372969.833,0.000,0.000,0.000,UNKNOWN,0.000,0.000,0.000,UNKNOWN
1779372969.932,0.000,0.000,0.000,UNKNOWN,0.000,0.000,0.000,UNKNOWN
1779372970.032,0.000,0.000,0.000,UNKNOWN,0.000,0.000,0.000,UNKNOWN
1779372970.132,0.000,0.000,0.000,UNKNOWN,0.000,0.000,0.000,UNKNOWN
1779372970.232,0.000,0.000,0.000,UNKNOWN,0.000,0.000,0.000,UNKNOWN
1779372970.332,0.000,0.000,0.000,UNKNOWN,0.000,0.000,0.000,UNKNOWN
1779372970.432,0.000,0.000,0.000,UNKNOWN,0.000,0.000,0.000,UNKNOWN
1779372970.532,0.000,0.000,0.000,UNKNOWN,0.000,0.000,0.000,UNKNOWN
1779372970.632,0.000,0.000,0.000,UNKNOWN,0.000,0.000,0.000,UNKNOWN
1779372970.732,0.000,0.000,0.000,UNKNOWN,0.000,0.000,0.000,UNKNOWN
1779372970.832,0.000,0.000,0.000,UNKNOWN,0.000,0.000,0.000,UNKNOWN
1779372970.932,0.000,0.000,0.000,UNKNOWN,0.000,0.000,0.000,UNKNOWN
1779372971.032,0.000,0.000,0.000,UNKNOWN,0.000,0.000,0.000,UNKNOWN
1779372971.133,0.000,0.000,0.000,UNKNOWN,0.000,0.000,0.000,UNKNOWN
1779372971.232,0.000,0.000,0.000,UNKNOWN,0.000,0.000,0.000,UNKNOWN
1779372971.332,0.000,0.000,0.000,UNKNOWN,0.000,0.000,0.000,UNKNOWN
1779372971.432,0.000,0.000,0.000,UNKNOWN,0.000,0.000,0.000,UNKNOWN
1779372971.532,0.000,0.000,0.000,UNKNOWN,0.000,0.000,0.000,UNKNOWN
1779372971.632,0.000,0.000,0.000,UNKNOWN,0.000,0.000,0.000,UNKNOWN
1779372971.732,0.000,0.000,0.000,UNKNOWN,0.000,0.000,0.000,UNKNOWN
1779372971.832,0.000,0.000,0.000,UNKNOWN,0.000,0.000,0.000,UNKNOWN
1779372971.932,0.000,0.000,0.000,UNKNOWN,0.000,0.000,0.000,UNKNOWN
1779372972.032,0.000,0.000,0.000,UNKNOWN,0.000,0.000,0.000,UNKNOWN
1779372972.132,0.000,0.000,0.000,UNKNOWN,0.000,0.000,0.000,UNKNOWN
1779372972.232,0.000,0.000,0.000,UNKNOWN,0.000,0.000,0.000,UNKNOWN
1779372972.332,0.000,0.000,0.000,UNKNOWN,0.000,0.000,0.000,UNKNOWN
1779372972.432,0.000,0.000,0.000,UNKNOWN,0.000,0.000,0.000,UNKNOWN
1779372972.532,0.000,0.000,0.000,UNKNOWN,0.000,0.000,0.000,UNKNOWN
1779372972.632,0.000,0.000,0.000,UNKNOWN,0.000,0.000,0.000,UNKNOWN
1779372972.732,0.000,0.000,0.000,UNKNOWN,0.000,0.000,0.000,UNKNOWN
1779372972.832,0.000,0.000,0.000,UNKNOWN,0.000,0.000,0.000,UNKNOWN
1779372972.932,0.000,0.000,0.000,UNKNOWN,0.000,0.000,0.000,UNKNOWN
1779372973.032,0.000,0.000,0.000,UNKNOWN,0.000,0.000,0.000,UNKNOWN
1779372973.132,0.000,0.000,0.000,UNKNOWN,0.000,0.000,0.000,UNKNOWN
1779372973.232,0.000,0.000,0.000,UNKNOWN,0.000,0.000,0.000,UNKNOWN
1779372973.332,0.000,0.000,0.000,UNKNOWN,0.000,0.000,0.000,UNKNOWN
1779372973.433,0.000,0.000,0.000,UNKNOWN,0.000,0.000,0.000,UNKNOWN
1779372973.532,0.000,0.000,0.000,UNKNOWN,0.000,0.000,0.000,UNKNOWN
1779372973.632,0.000,0.000,0.000,UNKNOWN,0.000,0.000,0.000,UNKNOWN
1779372973.732,0.000,0.000,0.000,UNKNOWN,0.000,0.000,0.000,UNKNOWN
1779372973.832,0.000,0.000,0.000,UNKNOWN,0.000,0.000,0.000,UNKNOWN
1779372973.932,0.000,0.000,0.000,UNKNOWN,0.000,0.000,0.000,UNKNOWN
1779372974.032,0.000,0.000,0.000,UNKNOWN,0.000,0.000,0.000,UNKNOWN
1779372974.132,0.000,0.000,0.000,UNKNOWN,0.000,0.000,0.000,UNKNOWN
1779372974.232,0.000,0.000,0.000,UNKNOWN,0.000,0.000,0.000,UNKNOWN
1779372974.332,0.000,0.000,0.000,UNKNOWN,0.000,0.000,0.000,UNKNOWN
1779372974.432,0.000,0.000,0.000,UNKNOWN,0.000,0.000,0.000,UNKNOWN
1779372974.532,0.000,0.000,0.000,UNKNOWN,0.000,0.000,0.000,UNKNOWN
1779372974.632,0.000,0.000,0.000,UNKNOWN,0.000,0.000,0.000,UNKNOWN
1779372974.732,0.000,0.000,0.000,UNKNOWN,0.000,0.000,0.000,UNKNOWN
1779372974.832,0.000,0.000,0.000,UNKNOWN,0.000,0.000,0.000,UNKNOWN
1779372974.932,0.000,0.000,0.000,UNKNOWN,0.000,0.000,0.000,UNKNOWN
1779372975.032,0.000,0.000,0.000,UNKNOWN,0.000,0.000,0.000,UNKNOWN
1779372975.132,0.000,0.000,0.000,UNKNOWN,0.000,0.000,0.000,UNKNOWN
1779372975.232,0.000,0.000,0.000,UNKNOWN,0.000,0.000,0.000,UNKNOWN
1779372975.332,0.000,0.000,0.000,UNKNOWN,0.000,0.000,0.000,UNKNOWN
1779372975.432,0.000,0.000,0.000,UNKNOWN,0.000,0.000,0.000,UNKNOWN
1779372975.532,0.000,0.000,0.000,UNKNOWN,0.000,0.000,0.000,UNKNOWN
1779372975.632,0.000,0.000,0.000,UNKNOWN,0.000,0.000,0.000,UNKNOWN
1779372975.732,0.000,0.000,0.000,UNKNOWN,0.000,0.000,0.000,UNKNOWN
1779372975.833,0.000,0.000,0.000,UNKNOWN,0.000,0.000,0.000,UNKNOWN
1779372975.933,0.000,0.000,0.000,UNKNOWN,0.000,0.000,0.000,UNKNOWN
1779372976.032,0.000,0.000,0.000,UNKNOWN,0.000,0.000,0.000,UNKNOWN
1779372976.132,0.000,0.000,0.000,UNKNOWN,0.000,0.000,0.000,UNKNOWN
1779372976.232,0.000,0.000,0.000,UNKNOWN,0.000,0.000,0.000,UNKNOWN
1779372976.332,0.000,0.000,0.000,UNKNOWN,0.000,0.000,0.000,UNKNOWN
1779372976.432,0.000,0.000,0.000,UNKNOWN,0.000,0.000,0.000,UNKNOWN
1779372976.532,0.000,0.000,0.000,UNKNOWN,0.000,0.000,0.000,UNKNOWN
1779372976.632,0.000,0.000,0.000,UNKNOWN,0.000,0.000,0.000,UNKNOWN
1779372976.732,0.000,0.000,0.000,UNKNOWN,0.000,0.000,0.000,UNKNOWN
1779372976.832,0.000,0.000,0.000,UNKNOWN,0.000,0.000,0.000,UNKNOWN
1779372976.932,0.000,0.000,0.000,UNKNOWN,0.000,0.000,0.000,UNKNOWN
1779372977.032,0.000,0.000,0.000,UNKNOWN,0.000,0.000,0.000,UNKNOWN
1779372977.132,0.000,0.000,0.000,UNKNOWN,0.000,0.000,0.000,UNKNOWN
1779372977.232,0.000,0.000,0.000,UNKNOWN,0.000,0.000,0.000,UNKNOWN
1779372977.332,0.000,0.000,0.000,UNKNOWN,0.000,0.000,0.000,UNKNOWN
1779372977.432,0.000,0.000,0.000,UNKNOWN,0.000,0.000,0.000,UNKNOWN
1779372977.532,0.000,0.000,0.000,UNKNOWN,0.000,0.000,0.000,UNKNOWN
1779372977.632,0.000,0.000,0.000,UNKNOWN,0.000,0.000,0.000,UNKNOWN
1779372977.732,0.000,0.000,0.000,UNKNOWN,0.000,0.000,0.000,UNKNOWN
1779372977.832,0.000,0.000,0.000,UNKNOWN,0.000,0.000,0.000,UNKNOWN
1779372977.932,0.000,0.000,0.000,UNKNOWN,0.000,0.000,0.000,UNKNOWN
1779372978.032,0.000,0.000,0.000,UNKNOWN,0.000,0.000,0.000,UNKNOWN
1779372978.132,0.000,0.000,0.000,UNKNOWN,0.000,0.000,0.000,UNKNOWN
1779372978.232,0.000,0.000,0.000,UNKNOWN,0.000,0.000,0.000,UNKNOWN
1779372978.332,0.000,0.000,0.000,UNKNOWN,0.000,0.000,0.000,UNKNOWN
1779372978.432,0.000,0.000,0.000,UNKNOWN,0.000,0.000,0.000,UNKNOWN
1779372978.532,0.000,0.000,0.000,UNKNOWN,0.000,0.000,0.000,UNKNOWN
1779372978.632,0.000,0.000,0.000,UNKNOWN,0.000,0.000,0.000,UNKNOWN
1779372978.732,0.000,0.000,0.000,UNKNOWN,0.000,0.000,0.000,UNKNOWN
1779372978.832,0.000,0.000,0.000,UNKNOWN,0.000,0.000,0.000,UNKNOWN
1779372978.932,0.000,0.000,0.000,UNKNOWN,0.000,0.000,0.000,UNKNOWN
1779372979.032,0.000,0.000,0.000,UNKNOWN,0.000,0.000,0.000,UNKNOWN
1779372979.132,0.000,0.000,0.000,UNKNOWN,0.000,0.000,0.000,UNKNOWN
1779372979.232,0.000,0.000,0.000,UNKNOWN,0.000,0.000,0.000,UNKNOWN
1779372979.332,0.000,0.000,0.000,UNKNOWN,0.000,0.000,0.000,UNKNOWN
1779372979.432,0.000,0.000,0.000,UNKNOWN,0.000,0.000,0.000,UNKNOWN
1779372979.532,0.000,0.000,0.000,UNKNOWN,0.000,0.000,0.000,UNKNOWN
1779372979.632,0.000,0.000,0.000,UNKNOWN,0.000,0.000,0.000,UNKNOWN
1779372979.732,0.000,0.000,0.000,UNKNOWN,0.000,0.000,0.000,UNKNOWN
1779372979.832,0.000,0.000,0.000,UNKNOWN,0.000,0.000,0.000,UNKNOWN
1779372979.932,0.000,0.000,0.000,UNKNOWN,0.000,0.000,0.000,UNKNOWN
1779372980.032,0.000,0.000,0.000,UNKNOWN,0.000,0.000,0.000,UNKNOWN
1779372980.132,0.000,0.000,0.000,UNKNOWN,0.000,0.000,0.000,UNKNOWN
1779372980.232,0.000,0.000,0.000,UNKNOWN,0.000,0.000,0.000,UNKNOWN
1779372980.332,0.000,0.000,0.000,UNKNOWN,0.000,0.000,0.000,UNKNOWN
1779372980.432,0.000,0.000,0.000,UNKNOWN,0.000,0.000,0.000,UNKNOWN
1779372980.532,0.000,0.000,0.000,UNKNOWN,0.000,0.000,0.000,UNKNOWN
1779372980.632,0.000,0.000,0.000,UNKNOWN,0.000,0.000,0.000,UNKNOWN
1779372980.732,0.000,0.000,0.000,UNKNOWN,0.000,0.000,0.000,UNKNOWN
1779372980.832,0.000,0.000,0.000,UNKNOWN,0.000,0.000,0.000,UNKNOWN
1779372980.932,0.000,0.000,0.000,UNKNOWN,0.000,0.000,0.000,UNKNOWN
1779372981.032,0.000,0.000,0.000,UNKNOWN,0.000,0.000,0.000,UNKNOWN
1779372981.132,0.000,0.000,0.000,UNKNOWN,0.000,0.000,0.000,UNKNOWN
1779372981.232,0.000,0.000,0.000,UNKNOWN,0.000,0.000,0.000,UNKNOWN
1779372981.332,0.000,0.000,0.000,UNKNOWN,0.000,0.000,0.000,UNKNOWN
1779372981.432,0.000,0.000,0.000,UNKNOWN,0.000,0.000,0.000,UNKNOWN
1779372981.532,0.000,0.000,0.000,UNKNOWN,0.000,0.000,0.000,UNKNOWN
1779372981.632,0.000,0.000,0.000,UNKNOWN,0.000,0.000,0.000,UNKNOWN
1779372981.732,0.000,0.000,0.000,UNKNOWN,0.000,0.000,0.000,UNKNOWN
1779372981.832,0.000,0.000,0.000,UNKNOWN,0.000,0.000,0.000,UNKNOWN
1779372981.932,0.000,0.000,0.000,UNKNOWN,0.000,0.000,0.000,UNKNOWN
1779372982.032,0.000,0.000,0.000,UNKNOWN,0.000,0.000,0.000,UNKNOWN
1779372982.132,0.000,0.000,0.000,UNKNOWN,0.000,0.000,0.000,UNKNOWN
1779372982.232,0.000,0.000,0.000,UNKNOWN,0.000,0.000,0.000,UNKNOWN
1779372982.332,0.000,0.000,0.000,UNKNOWN,0.000,0.000,0.000,UNKNOWN
1779372982.432,0.000,0.000,0.000,UNKNOWN,0.000,0.000,0.000,UNKNOWN
1779372982.532,0.000,0.000,0.000,UNKNOWN,0.000,0.000,0.000,UNKNOWN
1779372982.632,0.000,0.000,0.000,UNKNOWN,0.000,0.000,0.000,UNKNOWN
1779372982.732,0.000,0.000,0.000,UNKNOWN,0.000,0.000,0.000,UNKNOWN
1779372982.832,0.000,0.000,0.000,UNKNOWN,0.000,0.000,0.000,UNKNOWN
1779372982.932,0.000,0.000,0.000,UNKNOWN,0.000,0.000,0.000,UNKNOWN
1779372983.032,0.000,0.000,0.000,UNKNOWN,0.000,0.000,0.000,UNKNOWN
1779372983.132,0.000,0.000,0.000,UNKNOWN,0.000,0.000,0.000,UNKNOWN
1779372983.232,0.000,0.000,0.000,UNKNOWN,0.000,0.000,0.000,UNKNOWN
1779372983.332,0.000,0.000,0.000,UNKNOWN,0.000,0.000,0.000,UNKNOWN
1779372983.432,0.000,0.000,0.000,UNKNOWN,0.000,0.000,0.000,UNKNOWN
1779372983.532,0.000,0.000,0.000,UNKNOWN,0.000,0.000,0.000,UNKNOWN
1779372983.632,0.000,0.000,0.000,UNKNOWN,0.000,0.000,0.000,UNKNOWN
1779372983.732,0.000,0.000,0.000,UNKNOWN,0.000,0.000,0.000,UNKNOWN
1779372983.832,0.000,0.000,0.000,UNKNOWN,0.000,0.000,0.000,UNKNOWN
1779372983.932,0.000,0.000,0.000,UNKNOWN,0.000,0.000,0.000,UNKNOWN
1779372984.032,0.000,0.000,0.000,UNKNOWN,0.000,0.000,0.000,UNKNOWN
1779372984.132,0.000,0.000,0.000,UNKNOWN,0.000,0.000,0.000,UNKNOWN
1779372984.232,0.000,0.000,0.000,UNKNOWN,0.000,0.000,0.000,UNKNOWN
1779372984.332,0.000,0.000,0.000,UNKNOWN,0.000,0.000,0.000,UNKNOWN
1779372984.432,0.000,0.000,0.000,UNKNOWN,0.000,0.000,0.000,UNKNOWN
1779372984.532,0.000,0.000,0.000,UNKNOWN,0.000,0.000,0.000,UNKNOWN
1779372984.632,0.000,0.000,0.000,UNKNOWN,0.000,0.000,0.000,UNKNOWN
1779372984.732,0.000,0.000,0.000,UNKNOWN,0.000,0.000,0.000,UNKNOWN
1779372984.832,0.000,0.000,0.000,UNKNOWN,0.000,0.000,0.000,UNKNOWN
1779372984.932,0.000,0.000,0.000,UNKNOWN,0.000,0.000,0.000,UNKNOWN
1779372985.032,0.000,0.000,0.000,UNKNOWN,0.000,0.000,0.000,UNKNOWN
1779372985.132,0.000,0.000,0.000,UNKNOWN,0.000,0.000,0.000,UNKNOWN
1779372985.232,0.000,0.000,0.000,UNKNOWN,0.000,0.000,0.000,UNKNOWN
1779372985.332,0.000,0.000,0.000,UNKNOWN,0.000,0.000,0.000,UNKNOWN
1779372985.432,0.000,0.000,0.000,UNKNOWN,0.000,0.000,0.000,UNKNOWN
1779372985.532,0.000,0.000,0.000,UNKNOWN,0.000,0.000,0.000,UNKNOWN
1779372985.632,0.000,0.000,0.000,UNKNOWN,0.000,0.000,0.000,UNKNOWN
1779372985.732,0.000,0.000,0.000,UNKNOWN,0.000,0.000,0.000,UNKNOWN
1779372985.832,0.000,0.000,0.000,UNKNOWN,0.000,0.000,0.000,UNKNOWN
1779372985.932,0.000,0.000,0.000,UNKNOWN,0.000,0.000,0.000,UNKNOWN
1779372986.032,0.000,0.000,0.000,UNKNOWN,0.000,0.000,0.000,UNKNOWN
1779372986.132,0.000,0.000,0.000,UNKNOWN,0.000,0.000,0.000,UNKNOWN
1779372986.232,0.000,0.000,0.000,UNKNOWN,0.000,0.000,0.000,UNKNOWN
1779372986.332,0.000,0.000,0.000,UNKNOWN,0.000,0.000,0.000,UNKNOWN
1779372986.432,0.000,0.000,0.000,UNKNOWN,0.000,0.000,0.000,UNKNOWN
1779372986.532,0.000,0.000,0.000,UNKNOWN,0.000,0.000,0.000,UNKNOWN
1779372986.632,0.000,0.000,0.000,UNKNOWN,0.000,0.000,0.000,UNKNOWN
1779372986.732,0.000,0.000,0.000,UNKNOWN,0.000,0.000,0.000,UNKNOWN
1779372986.832,0.000,0.000,0.000,UNKNOWN,0.000,0.000,0.000,UNKNOWN
1779372986.932,0.000,0.000,0.000,UNKNOWN,0.000,0.000,0.000,UNKNOWN
1779372987.032,0.000,0.000,0.000,UNKNOWN,0.000,0.000,0.000,UNKNOWN
1779372987.132,0.000,0.000,0.000,UNKNOWN,0.000,0.000,0.000,UNKNOWN
1779372987.232,0.000,0.000,0.000,UNKNOWN,0.000,0.000,0.000,UNKNOWN
1779372987.332,0.000,0.000,0.000,UNKNOWN,0.000,0.000,0.000,UNKNOWN
1779372987.432,0.000,0.000,0.000,UNKNOWN,0.000,0.000,0.000,UNKNOWN
1779372987.532,0.000,0.000,0.000,UNKNOWN,0.000,0.000,0.000,UNKNOWN
1779372987.632,0.000,0.000,0.000,UNKNOWN,0.000,0.000,0.000,UNKNOWN
1779372987.732,0.000,0.000,0.000,UNKNOWN,0.000,0.000,0.000,UNKNOWN
1779372987.832,0.000,0.000,0.000,UNKNOWN,0.000,0.000,0.000,UNKNOWN
1779372987.932,0.000,0.000,0.000,UNKNOWN,0.000,0.000,0.000,UNKNOWN
1779372988.032,0.000,0.000,0.000,UNKNOWN,0.000,0.000,0.000,UNKNOWN
1779372988.132,0.000,0.000,0.000,UNKNOWN,0.000,0.000,0.000,UNKNOWN
1779372988.232,0.000,0.000,0.000,UNKNOWN,0.000,0.000,0.000,UNKNOWN
1779372988.332,0.000,0.000,0.000,UNKNOWN,0.000,0.000,0.000,UNKNOWN
1779372988.432,0.000,0.000,0.000,UNKNOWN,0.000,0.000,0.000,UNKNOWN
